Mechanism,Community_ID,Manuscript_label,Community_size,Gene
RNA self-attention,1,C1,679,ABCB10
RNA self-attention,1,C1,679,ACADM
RNA self-attention,1,C1,679,ACBD3
RNA self-attention,1,C1,679,ACBD6
RNA self-attention,1,C1,679,ACOT7
RNA self-attention,1,C1,679,ACP1
RNA self-attention,1,C1,679,ACTN2
RNA self-attention,1,C1,679,ACTR2
RNA self-attention,1,C1,679,ADAM15
RNA self-attention,1,C1,679,ADAMTSL4
RNA self-attention,1,C1,679,ADAR
RNA self-attention,1,C1,679,ADD2
RNA self-attention,1,C1,679,ADI1
RNA self-attention,1,C1,679,ADIPOR1
RNA self-attention,1,C1,679,AFTPH
RNA self-attention,1,C1,679,AGBL4
RNA self-attention,1,C1,679,AGBL5
RNA self-attention,1,C1,679,AGO3
RNA self-attention,1,C1,679,AGTRAP
RNA self-attention,1,C1,679,AHCTF1
RNA self-attention,1,C1,679,AHDC1
RNA self-attention,1,C1,679,AIDA
RNA self-attention,1,C1,679,AK2
RNA self-attention,1,C1,679,AK4
RNA self-attention,1,C1,679,AKIRIN1
RNA self-attention,1,C1,679,AKR1A1
RNA self-attention,1,C1,679,AKR7A2
RNA self-attention,1,C1,679,ANXA4
RNA self-attention,1,C1,679,APH1A
RNA self-attention,1,C1,679,AQP10
RNA self-attention,1,C1,679,ARHGAP29
RNA self-attention,1,C1,679,ARHGEF2
RNA self-attention,1,C1,679,ARID1A
RNA self-attention,1,C1,679,ARID4B
RNA self-attention,1,C1,679,ARL8A
RNA self-attention,1,C1,679,ARPC5
RNA self-attention,1,C1,679,ARV1
RNA self-attention,1,C1,679,ASB3
RNA self-attention,1,C1,679,ASH1L
RNA self-attention,1,C1,679,ATAD3A
RNA self-attention,1,C1,679,ATAD3B
RNA self-attention,1,C1,679,ATAD3C
RNA self-attention,1,C1,679,ATF3
RNA self-attention,1,C1,679,ATL2
RNA self-attention,1,C1,679,ATP5IF1
RNA self-attention,1,C1,679,ATP5PB
RNA self-attention,1,C1,679,ATRAID
RNA self-attention,1,C1,679,AUP1
RNA self-attention,1,C1,679,AURKAIP1
RNA self-attention,1,C1,679,B3GALNT2
RNA self-attention,1,C1,679,B4GALT2
RNA self-attention,1,C1,679,BCAS2
RNA self-attention,1,C1,679,BCL10
RNA self-attention,1,C1,679,BEST4
RNA self-attention,1,C1,679,BLZF1
RNA self-attention,1,C1,679,BOLA3
RNA self-attention,1,C1,679,BSDC1
RNA self-attention,1,C1,679,BTF3L4
RNA self-attention,1,C1,679,BTG2
RNA self-attention,1,C1,679,C1D
RNA self-attention,1,C1,679,C1orf122
RNA self-attention,1,C1,679,C1orf159
RNA self-attention,1,C1,679,C1orf43
RNA self-attention,1,C1,679,C1orf52
RNA self-attention,1,C1,679,CACYBP
RNA self-attention,1,C1,679,CAD
RNA self-attention,1,C1,679,CALM2
RNA self-attention,1,C1,679,CAMTA1
RNA self-attention,1,C1,679,CAP1
RNA self-attention,1,C1,679,CAPN2
RNA self-attention,1,C1,679,CAPZB
RNA self-attention,1,C1,679,CCDC24
RNA self-attention,1,C1,679,CCDC28B
RNA self-attention,1,C1,679,CCNL2
RNA self-attention,1,C1,679,CCSAP
RNA self-attention,1,C1,679,CCT4
RNA self-attention,1,C1,679,CCT7
RNA self-attention,1,C1,679,CD52
RNA self-attention,1,C1,679,CD53
RNA self-attention,1,C1,679,CD55
RNA self-attention,1,C1,679,CD58
RNA self-attention,1,C1,679,CDC14A
RNA self-attention,1,C1,679,CDC42
RNA self-attention,1,C1,679,CDC42BPA
RNA self-attention,1,C1,679,CDC42SE1
RNA self-attention,1,C1,679,CDC7
RNA self-attention,1,C1,679,CDC73
RNA self-attention,1,C1,679,CDCA8
RNA self-attention,1,C1,679,CDK11A
RNA self-attention,1,C1,679,CDK11B
RNA self-attention,1,C1,679,CDKN2C
RNA self-attention,1,C1,679,CEBPZ
RNA self-attention,1,C1,679,CEBPZOS
RNA self-attention,1,C1,679,CENPA
RNA self-attention,1,C1,679,CEP104
RNA self-attention,1,C1,679,CEP170
RNA self-attention,1,C1,679,CEP85
RNA self-attention,1,C1,679,CFAP36
RNA self-attention,1,C1,679,CFH
RNA self-attention,1,C1,679,CFHR4
RNA self-attention,1,C1,679,CHML
RNA self-attention,1,C1,679,CHTOP
RNA self-attention,1,C1,679,CLHC1
RNA self-attention,1,C1,679,CLIC4
RNA self-attention,1,C1,679,CLK2
RNA self-attention,1,C1,679,CMPK1
RNA self-attention,1,C1,679,CNIH4
RNA self-attention,1,C1,679,CNST
RNA self-attention,1,C1,679,COA6
RNA self-attention,1,C1,679,COG2
RNA self-attention,1,C1,679,COLGALT2
RNA self-attention,1,C1,679,COPA
RNA self-attention,1,C1,679,COX20
RNA self-attention,1,C1,679,CPSF3
RNA self-attention,1,C1,679,CR1L
RNA self-attention,1,C1,679,CREG1
RNA self-attention,1,C1,679,CRIPT
RNA self-attention,1,C1,679,CRTC2
RNA self-attention,1,C1,679,CRYZ
RNA self-attention,1,C1,679,CSF1
RNA self-attention,1,C1,679,CTBS
RNA self-attention,1,C1,679,CTPS1
RNA self-attention,1,C1,679,CYB5R1
RNA self-attention,1,C1,679,CZIB
RNA self-attention,1,C1,679,DAP3
RNA self-attention,1,C1,679,DCAF8
RNA self-attention,1,C1,679,DDOST
RNA self-attention,1,C1,679,DDX1
RNA self-attention,1,C1,679,DEGS1
RNA self-attention,1,C1,679,DENND1B
RNA self-attention,1,C1,679,DEPDC1
RNA self-attention,1,C1,679,DESI2
RNA self-attention,1,C1,679,DFFA
RNA self-attention,1,C1,679,DGUOK
RNA self-attention,1,C1,679,DHCR24
RNA self-attention,1,C1,679,DHDDS
RNA self-attention,1,C1,679,DNAH14
RNA self-attention,1,C1,679,DNAJB4
RNA self-attention,1,C1,679,DNAJC11
RNA self-attention,1,C1,679,DNAJC6
RNA self-attention,1,C1,679,DOK1
RNA self-attention,1,C1,679,DPH2
RNA self-attention,1,C1,679,DPM3
RNA self-attention,1,C1,679,DPY30
RNA self-attention,1,C1,679,DRAM2
RNA self-attention,1,C1,679,DTL
RNA self-attention,1,C1,679,DUSP23
RNA self-attention,1,C1,679,EBNA1BP2
RNA self-attention,1,C1,679,ECM1
RNA self-attention,1,C1,679,EDARADD
RNA self-attention,1,C1,679,EDEM3
RNA self-attention,1,C1,679,EFHD2
RNA self-attention,1,C1,679,EIF2AK2
RNA self-attention,1,C1,679,EIF2B3
RNA self-attention,1,C1,679,EIF2B4
RNA self-attention,1,C1,679,EIF2D
RNA self-attention,1,C1,679,EIF3I
RNA self-attention,1,C1,679,EIF4G3
RNA self-attention,1,C1,679,ELOA
RNA self-attention,1,C1,679,ELOVL1
RNA self-attention,1,C1,679,EML4
RNA self-attention,1,C1,679,ENO1
RNA self-attention,1,C1,679,ENSA
RNA self-attention,1,C1,679,EPB41
RNA self-attention,1,C1,679,EPCAM
RNA self-attention,1,C1,679,EPS15
RNA self-attention,1,C1,679,ERI3
RNA self-attention,1,C1,679,ERLEC1
RNA self-attention,1,C1,679,ERMAP
RNA self-attention,1,C1,679,ERO1B
RNA self-attention,1,C1,679,ETV3
RNA self-attention,1,C1,679,EVA1B
RNA self-attention,1,C1,679,EXO1
RNA self-attention,1,C1,679,EXOC8
RNA self-attention,1,C1,679,EXOSC10
RNA self-attention,1,C1,679,EYA3
RNA self-attention,1,C1,679,F11R
RNA self-attention,1,C1,679,FAAP20
RNA self-attention,1,C1,679,FAM110D
RNA self-attention,1,C1,679,FAM136A
RNA self-attention,1,C1,679,FAM20B
RNA self-attention,1,C1,679,FAM72B
RNA self-attention,1,C1,679,FAM89A
RNA self-attention,1,C1,679,FAM98A
RNA self-attention,1,C1,679,FANCL
RNA self-attention,1,C1,679,FBXO11
RNA self-attention,1,C1,679,FBXO28
RNA self-attention,1,C1,679,FCGR2A
RNA self-attention,1,C1,679,FDPS
RNA self-attention,1,C1,679,FEZ2
RNA self-attention,1,C1,679,FGGY
RNA self-attention,1,C1,679,FH
RNA self-attention,1,C1,679,FHL3
RNA self-attention,1,C1,679,FLAD1
RNA self-attention,1,C1,679,FLVCR1-DT
RNA self-attention,1,C1,679,FNBP1L
RNA self-attention,1,C1,679,FUBP1
RNA self-attention,1,C1,679,GABPB2
RNA self-attention,1,C1,679,GALE
RNA self-attention,1,C1,679,GALM
RNA self-attention,1,C1,679,GALNT2
RNA self-attention,1,C1,679,GCFC2
RNA self-attention,1,C1,679,GEMIN6
RNA self-attention,1,C1,679,GEN1
RNA self-attention,1,C1,679,GFPT1
RNA self-attention,1,C1,679,GGPS1
RNA self-attention,1,C1,679,GLMP
RNA self-attention,1,C1,679,GLRX2
RNA self-attention,1,C1,679,GNAI3
RNA self-attention,1,C1,679,GNB1
RNA self-attention,1,C1,679,GNG5
RNA self-attention,1,C1,679,GNL2
RNA self-attention,1,C1,679,GON4L
RNA self-attention,1,C1,679,GPATCH11
RNA self-attention,1,C1,679,GPATCH4
RNA self-attention,1,C1,679,GPBP1L1
RNA self-attention,1,C1,679,GPN1
RNA self-attention,1,C1,679,GPN2
RNA self-attention,1,C1,679,GPSM2
RNA self-attention,1,C1,679,GTF2B
RNA self-attention,1,C1,679,GTF3C2
RNA self-attention,1,C1,679,GUK1
RNA self-attention,1,C1,679,HADHA
RNA self-attention,1,C1,679,HADHB
RNA self-attention,1,C1,679,HDAC1
RNA self-attention,1,C1,679,HEATR1
RNA self-attention,1,C1,679,HES4
RNA self-attention,1,C1,679,HIPK1
RNA self-attention,1,C1,679,HNRNPLL
RNA self-attention,1,C1,679,HSD17B7
RNA self-attention,1,C1,679,HTRA2
RNA self-attention,1,C1,679,HYI
RNA self-attention,1,C1,679,IARS2
RNA self-attention,1,C1,679,ID3
RNA self-attention,1,C1,679,IER5
RNA self-attention,1,C1,679,IFI16
RNA self-attention,1,C1,679,IKBKE
RNA self-attention,1,C1,679,IL23R
RNA self-attention,1,C1,679,ILF2
RNA self-attention,1,C1,679,INTS11
RNA self-attention,1,C1,679,IPO9
RNA self-attention,1,C1,679,IRF2BP2
RNA self-attention,1,C1,679,ISG15
RNA self-attention,1,C1,679,ISG20L2
RNA self-attention,1,C1,679,ITGB1BP1
RNA self-attention,1,C1,679,ITGB3BP
RNA self-attention,1,C1,679,JAK1
RNA self-attention,1,C1,679,JTB
RNA self-attention,1,C1,679,JUN
RNA self-attention,1,C1,679,KCMF1
RNA self-attention,1,C1,679,KCNK1
RNA self-attention,1,C1,679,KCNQ4
RNA self-attention,1,C1,679,KCNT2
RNA self-attention,1,C1,679,KCTD3
RNA self-attention,1,C1,679,KDM1A
RNA self-attention,1,C1,679,KHDC4
RNA self-attention,1,C1,679,KHDRBS1
RNA self-attention,1,C1,679,KIAA0319L
RNA self-attention,1,C1,679,KIAA2013
RNA self-attention,1,C1,679,KIDINS220
RNA self-attention,1,C1,679,KIF14
RNA self-attention,1,C1,679,KIF1B
RNA self-attention,1,C1,679,KIF2C
RNA self-attention,1,C1,679,KLF11
RNA self-attention,1,C1,679,KLHL12
RNA self-attention,1,C1,679,KLHL21
RNA self-attention,1,C1,679,KRTCAP2
RNA self-attention,1,C1,679,LAMTOR2
RNA self-attention,1,C1,679,LAMTOR5
RNA self-attention,1,C1,679,LBR
RNA self-attention,1,C1,679,LDAH
RNA self-attention,1,C1,679,LEPR
RNA self-attention,1,C1,679,LEPROT
RNA self-attention,1,C1,679,LIN9
RNA self-attention,1,C1,679,LPGAT1
RNA self-attention,1,C1,679,LPIN1
RNA self-attention,1,C1,679,LRRC40
RNA self-attention,1,C1,679,LRRC41
RNA self-attention,1,C1,679,LRRC47
RNA self-attention,1,C1,679,LSM10
RNA self-attention,1,C1,679,LTBP1
RNA self-attention,1,C1,679,LYPLA2
RNA self-attention,1,C1,679,LZIC
RNA self-attention,1,C1,679,MACO1
RNA self-attention,1,C1,679,MAD2L2
RNA self-attention,1,C1,679,MAN1A2
RNA self-attention,1,C1,679,MAP4K3
RNA self-attention,1,C1,679,MAP7D1
RNA self-attention,1,C1,679,MAPRE3
RNA self-attention,1,C1,679,MARCKSL1
RNA self-attention,1,C1,679,MBOAT2
RNA self-attention,1,C1,679,MCFD2
RNA self-attention,1,C1,679,MCL1
RNA self-attention,1,C1,679,MDH1
RNA self-attention,1,C1,679,MDM4
RNA self-attention,1,C1,679,MDS2
RNA self-attention,1,C1,679,MEAF6
RNA self-attention,1,C1,679,MED18
RNA self-attention,1,C1,679,MED8
RNA self-attention,1,C1,679,METTL18
RNA self-attention,1,C1,679,MFN2
RNA self-attention,1,C1,679,MFSD14A
RNA self-attention,1,C1,679,MGST3
RNA self-attention,1,C1,679,MIA3
RNA self-attention,1,C1,679,MIIP
RNA self-attention,1,C1,679,MKNK1
RNA self-attention,1,C1,679,MLLT11
RNA self-attention,1,C1,679,MOB1A
RNA self-attention,1,C1,679,MOGS
RNA self-attention,1,C1,679,MORN2
RNA self-attention,1,C1,679,MOV10
RNA self-attention,1,C1,679,MPC2
RNA self-attention,1,C1,679,MPHOSPH10
RNA self-attention,1,C1,679,MPV17
RNA self-attention,1,C1,679,MPZL1
RNA self-attention,1,C1,679,MRPL19
RNA self-attention,1,C1,679,MRPL24
RNA self-attention,1,C1,679,MRPL33
RNA self-attention,1,C1,679,MRPL37
RNA self-attention,1,C1,679,MRPL9
RNA self-attention,1,C1,679,MRPS14
RNA self-attention,1,C1,679,MRPS15
RNA self-attention,1,C1,679,MRPS21
RNA self-attention,1,C1,679,MRTO4
RNA self-attention,1,C1,679,MSH2
RNA self-attention,1,C1,679,MSTO1
RNA self-attention,1,C1,679,MTFR1L
RNA self-attention,1,C1,679,MTHFR
RNA self-attention,1,C1,679,MTIF2
RNA self-attention,1,C1,679,MTOR
RNA self-attention,1,C1,679,MTR
RNA self-attention,1,C1,679,MTX1
RNA self-attention,1,C1,679,MXD1
RNA self-attention,1,C1,679,MYCBP
RNA self-attention,1,C1,679,MYSM1
RNA self-attention,1,C1,679,NADK
RNA self-attention,1,C1,679,NASP
RNA self-attention,1,C1,679,NAV1
RNA self-attention,1,C1,679,NAXE
RNA self-attention,1,C1,679,NBAS
RNA self-attention,1,C1,679,NBPF11
RNA self-attention,1,C1,679,NBPF14
RNA self-attention,1,C1,679,NCDN
RNA self-attention,1,C1,679,NDC1
RNA self-attention,1,C1,679,NDUFS2
RNA self-attention,1,C1,679,NDUFS5
RNA self-attention,1,C1,679,NECAP2
RNA self-attention,1,C1,679,NEK2
RNA self-attention,1,C1,679,NEK7
RNA self-attention,1,C1,679,NENF
RNA self-attention,1,C1,679,NFIA
RNA self-attention,1,C1,679,NFU1
RNA self-attention,1,C1,679,NFYC
RNA self-attention,1,C1,679,NIBAN1
RNA self-attention,1,C1,679,NOC2L
RNA self-attention,1,C1,679,NOL9
RNA self-attention,1,C1,679,NRAS
RNA self-attention,1,C1,679,NRBP1
RNA self-attention,1,C1,679,NRDC
RNA self-attention,1,C1,679,NSUN4
RNA self-attention,1,C1,679,NUDC
RNA self-attention,1,C1,679,NUF2
RNA self-attention,1,C1,679,NUP133
RNA self-attention,1,C1,679,ODC1
RNA self-attention,1,C1,679,OR14C36
RNA self-attention,1,C1,679,OSBPL9
RNA self-attention,1,C1,679,OST4
RNA self-attention,1,C1,679,OTUD3
RNA self-attention,1,C1,679,P3H1
RNA self-attention,1,C1,679,PABPC4
RNA self-attention,1,C1,679,PARK7
RNA self-attention,1,C1,679,PARP1
RNA self-attention,1,C1,679,PBX1
RNA self-attention,1,C1,679,PCBP1
RNA self-attention,1,C1,679,PCYOX1
RNA self-attention,1,C1,679,PDE4DIP
RNA self-attention,1,C1,679,PDIA6
RNA self-attention,1,C1,679,PEA15
RNA self-attention,1,C1,679,PEF1
RNA self-attention,1,C1,679,PER3
RNA self-attention,1,C1,679,PEX11B
RNA self-attention,1,C1,679,PEX13
RNA self-attention,1,C1,679,PFKFB2
RNA self-attention,1,C1,679,PGBD2
RNA self-attention,1,C1,679,PGD
RNA self-attention,1,C1,679,PHF13
RNA self-attention,1,C1,679,PHGDH
RNA self-attention,1,C1,679,PHTF1
RNA self-attention,1,C1,679,PIAS3
RNA self-attention,1,C1,679,PIGC
RNA self-attention,1,C1,679,PIGF
RNA self-attention,1,C1,679,PIGK
RNA self-attention,1,C1,679,PITHD1
RNA self-attention,1,C1,679,PKLR
RNA self-attention,1,C1,679,PMF1
RNA self-attention,1,C1,679,PMVK
RNA self-attention,1,C1,679,PNO1
RNA self-attention,1,C1,679,PNPT1
RNA self-attention,1,C1,679,POGZ
RNA self-attention,1,C1,679,POLE4
RNA self-attention,1,C1,679,POLR3GL
RNA self-attention,1,C1,679,POMGNT1
RNA self-attention,1,C1,679,POU2F1
RNA self-attention,1,C1,679,PPIE
RNA self-attention,1,C1,679,PPIH
RNA self-attention,1,C1,679,PPM1B
RNA self-attention,1,C1,679,PPM1G
RNA self-attention,1,C1,679,PPOX
RNA self-attention,1,C1,679,PPP1CB
RNA self-attention,1,C1,679,PPP2R5A
RNA self-attention,1,C1,679,PPP4R3B
RNA self-attention,1,C1,679,PPT1
RNA self-attention,1,C1,679,PRAMEF26
RNA self-attention,1,C1,679,PRCC
RNA self-attention,1,C1,679,PRDX1
RNA self-attention,1,C1,679,PRDX6
RNA self-attention,1,C1,679,PREB
RNA self-attention,1,C1,679,PREPL
RNA self-attention,1,C1,679,PROX1
RNA self-attention,1,C1,679,PRPF3
RNA self-attention,1,C1,679,PRPF38A
RNA self-attention,1,C1,679,PRPF38B
RNA self-attention,1,C1,679,PRRC2C
RNA self-attention,1,C1,679,PSMA5
RNA self-attention,1,C1,679,PSMB2
RNA self-attention,1,C1,679,PSMB4
RNA self-attention,1,C1,679,PSME4
RNA self-attention,1,C1,679,PTGER3
RNA self-attention,1,C1,679,PTPRC
RNA self-attention,1,C1,679,PTPRU
RNA self-attention,1,C1,679,PTRHD1
RNA self-attention,1,C1,679,PUM1
RNA self-attention,1,C1,679,PUSL1
RNA self-attention,1,C1,679,PYCR2
RNA self-attention,1,C1,679,QSOX1
RNA self-attention,1,C1,679,RAB10
RNA self-attention,1,C1,679,RAB13
RNA self-attention,1,C1,679,RAB1A
RNA self-attention,1,C1,679,RAB3GAP2
RNA self-attention,1,C1,679,RAB4A
RNA self-attention,1,C1,679,RABGAP1L
RNA self-attention,1,C1,679,RALGPS2
RNA self-attention,1,C1,679,RAP1A
RNA self-attention,1,C1,679,RAP1GAP
RNA self-attention,1,C1,679,RASSF5
RNA self-attention,1,C1,679,RBBP4
RNA self-attention,1,C1,679,RBBP5
RNA self-attention,1,C1,679,RBM15
RNA self-attention,1,C1,679,RBM34
RNA self-attention,1,C1,679,RBM8A
RNA self-attention,1,C1,679,RC3H1
RNA self-attention,1,C1,679,RCC1
RNA self-attention,1,C1,679,RCC2
RNA self-attention,1,C1,679,RCOR3
RNA self-attention,1,C1,679,RCSD1
RNA self-attention,1,C1,679,REL
RNA self-attention,1,C1,679,RER1
RNA self-attention,1,C1,679,RERE
RNA self-attention,1,C1,679,RHCE
RNA self-attention,1,C1,679,RHD
RNA self-attention,1,C1,679,RHOQ
RNA self-attention,1,C1,679,RIT1
RNA self-attention,1,C1,679,RLF
RNA self-attention,1,C1,679,RNASEH1
RNA self-attention,1,C1,679,RNASEL
RNA self-attention,1,C1,679,RNF144A
RNA self-attention,1,C1,679,RNF187
RNA self-attention,1,C1,679,RNF2
RNA self-attention,1,C1,679,RNF220
RNA self-attention,1,C1,679,RNPEP
RNA self-attention,1,C1,679,ROCK2
RNA self-attention,1,C1,679,RPA2
RNA self-attention,1,C1,679,RPF1
RNA self-attention,1,C1,679,RPL11
RNA self-attention,1,C1,679,RPL22
RNA self-attention,1,C1,679,RPL5
RNA self-attention,1,C1,679,RPS27
RNA self-attention,1,C1,679,RPS27A
RNA self-attention,1,C1,679,RPS6KA1
RNA self-attention,1,C1,679,RPS6KC1
RNA self-attention,1,C1,679,RPS7
RNA self-attention,1,C1,679,RPS8
RNA self-attention,1,C1,679,RRM2
RNA self-attention,1,C1,679,RRP15
RNA self-attention,1,C1,679,RSRP1
RNA self-attention,1,C1,679,RTCA
RNA self-attention,1,C1,679,RTN4
RNA self-attention,1,C1,679,RUSC1
RNA self-attention,1,C1,679,S100A10
RNA self-attention,1,C1,679,S100A11
RNA self-attention,1,C1,679,S100A13
RNA self-attention,1,C1,679,S100A6
RNA self-attention,1,C1,679,S100PBP
RNA self-attention,1,C1,679,SCAMP3
RNA self-attention,1,C1,679,SCCPDH
RNA self-attention,1,C1,679,SCNM1
RNA self-attention,1,C1,679,SCP2
RNA self-attention,1,C1,679,SDC3
RNA self-attention,1,C1,679,SDE2
RNA self-attention,1,C1,679,SDF4
RNA self-attention,1,C1,679,SDHB
RNA self-attention,1,C1,679,SDHC
RNA self-attention,1,C1,679,SEC22B
RNA self-attention,1,C1,679,SELENBP1
RNA self-attention,1,C1,679,SELP
RNA self-attention,1,C1,679,SERBP1
RNA self-attention,1,C1,679,SESN2
RNA self-attention,1,C1,679,SF3A3
RNA self-attention,1,C1,679,SF3B4
RNA self-attention,1,C1,679,SF3B6
RNA self-attention,1,C1,679,SFPQ
RNA self-attention,1,C1,679,SFT2D2
RNA self-attention,1,C1,679,SH2D2A
RNA self-attention,1,C1,679,SH3BP5L
RNA self-attention,1,C1,679,SH3GLB1
RNA self-attention,1,C1,679,SIKE1
RNA self-attention,1,C1,679,SLC16A1
RNA self-attention,1,C1,679,SLC19A2
RNA self-attention,1,C1,679,SLC25A24
RNA self-attention,1,C1,679,SLC25A33
RNA self-attention,1,C1,679,SLC25A44
RNA self-attention,1,C1,679,SLC2A1
RNA self-attention,1,C1,679,SLC30A1
RNA self-attention,1,C1,679,SLC30A10
RNA self-attention,1,C1,679,SLC30A6
RNA self-attention,1,C1,679,SLC4A1AP
RNA self-attention,1,C1,679,SLC50A1
RNA self-attention,1,C1,679,SLC66A1
RNA self-attention,1,C1,679,SLC66A3
RNA self-attention,1,C1,679,SMAP2
RNA self-attention,1,C1,679,SMC6
RNA self-attention,1,C1,679,SMIM1
RNA self-attention,1,C1,679,SMIM12
RNA self-attention,1,C1,679,SMYD3
RNA self-attention,1,C1,679,SNHG12
RNA self-attention,1,C1,679,SNRNP27
RNA self-attention,1,C1,679,SNRPE
RNA self-attention,1,C1,679,SNRPG
RNA self-attention,1,C1,679,SNX17
RNA self-attention,1,C1,679,SOCS5
RNA self-attention,1,C1,679,SORT1
RNA self-attention,1,C1,679,SOS1
RNA self-attention,1,C1,679,SPATA17
RNA self-attention,1,C1,679,SPRR1B
RNA self-attention,1,C1,679,SPRTN
RNA self-attention,1,C1,679,SPTA1
RNA self-attention,1,C1,679,SRGAP2C
RNA self-attention,1,C1,679,SRM
RNA self-attention,1,C1,679,SRP9
RNA self-attention,1,C1,679,SSBP3
RNA self-attention,1,C1,679,SSR2
RNA self-attention,1,C1,679,SSX2IP
RNA self-attention,1,C1,679,ST7L
RNA self-attention,1,C1,679,STAMBP
RNA self-attention,1,C1,679,STIL
RNA self-attention,1,C1,679,STK40
RNA self-attention,1,C1,679,STMN1
RNA self-attention,1,C1,679,SUCLG1
RNA self-attention,1,C1,679,SUCO
RNA self-attention,1,C1,679,SUPT7L
RNA self-attention,1,C1,679,SUSD4
RNA self-attention,1,C1,679,SVBP
RNA self-attention,1,C1,679,SWT1
RNA self-attention,1,C1,679,SYF2
RNA self-attention,1,C1,679,SYNC
RNA self-attention,1,C1,679,SZT2
RNA self-attention,1,C1,679,TAF12
RNA self-attention,1,C1,679,TAGLN2
RNA self-attention,1,C1,679,TAL1
RNA self-attention,1,C1,679,TARDBP
RNA self-attention,1,C1,679,TARS2
RNA self-attention,1,C1,679,TATDN3
RNA self-attention,1,C1,679,TENT5C
RNA self-attention,1,C1,679,TET3
RNA self-attention,1,C1,679,TFB2M
RNA self-attention,1,C1,679,THAP3
RNA self-attention,1,C1,679,THEM4
RNA self-attention,1,C1,679,THRAP3
RNA self-attention,1,C1,679,THUMPD2
RNA self-attention,1,C1,679,TIA1
RNA self-attention,1,C1,679,TIPRL
RNA self-attention,1,C1,679,TLCD4
RNA self-attention,1,C1,679,TM2D1
RNA self-attention,1,C1,679,TMCO1
RNA self-attention,1,C1,679,TMED5
RNA self-attention,1,C1,679,TMEM167B
RNA self-attention,1,C1,679,TMEM183A
RNA self-attention,1,C1,679,TMEM35B
RNA self-attention,1,C1,679,TMEM54
RNA self-attention,1,C1,679,TMEM69
RNA self-attention,1,C1,679,TMEM79
RNA self-attention,1,C1,679,TMEM9
RNA self-attention,1,C1,679,TNFRSF1B
RNA self-attention,1,C1,679,TOE1
RNA self-attention,1,C1,679,TOMM20
RNA self-attention,1,C1,679,TOR1AIP2
RNA self-attention,1,C1,679,TOR3A
RNA self-attention,1,C1,679,TP53BP2
RNA self-attention,1,C1,679,TPM3
RNA self-attention,1,C1,679,TPO
RNA self-attention,1,C1,679,TPRKB
RNA self-attention,1,C1,679,TRAPPC3
RNA self-attention,1,C1,679,TRIM11
RNA self-attention,1,C1,679,TRIM33
RNA self-attention,1,C1,679,TRIM58
RNA self-attention,1,C1,679,TRIT1
RNA self-attention,1,C1,679,TRMT1L
RNA self-attention,1,C1,679,TRNAU1AP
RNA self-attention,1,C1,679,TSEN15
RNA self-attention,1,C1,679,TSNAX
RNA self-attention,1,C1,679,TSPYL6
RNA self-attention,1,C1,679,TSSK3
RNA self-attention,1,C1,679,TSTD1
RNA self-attention,1,C1,679,TTC27
RNA self-attention,1,C1,679,TTC32
RNA self-attention,1,C1,679,TTF2
RNA self-attention,1,C1,679,TUFT1
RNA self-attention,1,C1,679,TUT4
RNA self-attention,1,C1,679,TXLNA
RNA self-attention,1,C1,679,TXNDC12
RNA self-attention,1,C1,679,TYW3
RNA self-attention,1,C1,679,UAP1
RNA self-attention,1,C1,679,UBAP2L
RNA self-attention,1,C1,679,UBE2J2
RNA self-attention,1,C1,679,UBE2T
RNA self-attention,1,C1,679,UBXN11
RNA self-attention,1,C1,679,UCK2
RNA self-attention,1,C1,679,UFC1
RNA self-attention,1,C1,679,UGP2
RNA self-attention,1,C1,679,UHMK1
RNA self-attention,1,C1,679,UQCRH
RNA self-attention,1,C1,679,UQCRHL
RNA self-attention,1,C1,679,UROD
RNA self-attention,1,C1,679,USP1
RNA self-attention,1,C1,679,USP21
RNA self-attention,1,C1,679,UTP11
RNA self-attention,1,C1,679,UTP25
RNA self-attention,1,C1,679,VAMP4
RNA self-attention,1,C1,679,VPS13D
RNA self-attention,1,C1,679,VPS45
RNA self-attention,1,C1,679,VPS72
RNA self-attention,1,C1,679,VRK2
RNA self-attention,1,C1,679,VTCN1
RNA self-attention,1,C1,679,WARS2
RNA self-attention,1,C1,679,WASF2
RNA self-attention,1,C1,679,WBP1
RNA self-attention,1,C1,679,WDR3
RNA self-attention,1,C1,679,WDR43
RNA self-attention,1,C1,679,WDR77
RNA self-attention,1,C1,679,WRAP73
RNA self-attention,1,C1,679,XPO1
RNA self-attention,1,C1,679,XPR1
RNA self-attention,1,C1,679,YBX1
RNA self-attention,1,C1,679,YIPF4
RNA self-attention,1,C1,679,YOD1
RNA self-attention,1,C1,679,YPEL5
RNA self-attention,1,C1,679,YRDC
RNA self-attention,1,C1,679,YTHDF2
RNA self-attention,1,C1,679,YWHAQ
RNA self-attention,1,C1,679,YY1AP1
RNA self-attention,1,C1,679,ZBTB17
RNA self-attention,1,C1,679,ZBTB37
RNA self-attention,1,C1,679,ZBTB41
RNA self-attention,1,C1,679,ZBTB8OS
RNA self-attention,1,C1,679,ZCCHC17
RNA self-attention,1,C1,679,ZFP36L2
RNA self-attention,1,C1,679,ZMYM4
RNA self-attention,1,C1,679,ZNF124
RNA self-attention,1,C1,679,ZNF281
RNA self-attention,1,C1,679,ZNF326
RNA self-attention,1,C1,679,ZNF593
RNA self-attention,1,C1,679,ZNF638
RNA self-attention,1,C1,679,ZNF669
RNA self-attention,1,C1,679,ZNF670
RNA self-attention,1,C1,679,ZNF672
RNA self-attention,1,C1,679,ZNF691
RNA self-attention,1,C1,679,ZNF692
RNA self-attention,1,C1,679,ZNF695
RNA self-attention,1,C1,679,ZNF697
RNA self-attention,0,,654,A3GALT2
RNA self-attention,0,,654,AAK1
RNA self-attention,0,,654,ABCG5
RNA self-attention,0,,654,ACKR1
RNA self-attention,0,,654,ACP6
RNA self-attention,0,,654,ACTA1
RNA self-attention,0,,654,ACTG2
RNA self-attention,0,,654,ACYP2
RNA self-attention,0,,654,ADAMTS4
RNA self-attention,0,,654,ADAMTSL4-AS1
RNA self-attention,0,,654,ADCY10
RNA self-attention,0,,654,ADGRB2
RNA self-attention,0,,654,ADGRF3
RNA self-attention,0,,654,ADGRL2
RNA self-attention,0,,654,ADGRL4
RNA self-attention,0,,654,AGO4
RNA self-attention,0,,654,AGT
RNA self-attention,0,,654,AHCYL1
RNA self-attention,0,,654,AIM2
RNA self-attention,0,,654,AKT3
RNA self-attention,0,,654,ALKAL2
RNA self-attention,0,,654,AMPD1
RNA self-attention,0,,654,AMY1B
RNA self-attention,0,,654,ANGEL2
RNA self-attention,0,,654,ANGPTL7
RNA self-attention,0,,654,ANKRD65
RNA self-attention,0,,654,APCS
RNA self-attention,0,,654,APLF
RNA self-attention,0,,654,APOB
RNA self-attention,0,,654,ARHGAP30
RNA self-attention,0,,654,ARMH1
RNA self-attention,0,,654,ARTN
RNA self-attention,0,,654,ASAP2
RNA self-attention,0,,654,ASCL5
RNA self-attention,0,,654,ATP13A2
RNA self-attention,0,,654,ATP1A1
RNA self-attention,0,,654,ATP1B1
RNA self-attention,0,,654,ATP2B4
RNA self-attention,0,,654,ATP6V1B1
RNA self-attention,0,,654,AZIN2
RNA self-attention,0,,654,B3GALT2
RNA self-attention,0,,654,B3GNT2
RNA self-attention,0,,654,BABAM2
RNA self-attention,0,,654,BATF3
RNA self-attention,0,,654,BCAR3
RNA self-attention,0,,654,BCL11A
RNA self-attention,0,,654,BCL2L15
RNA self-attention,0,,654,BMP10
RNA self-attention,0,,654,BOLA1
RNA self-attention,0,,654,BRDT
RNA self-attention,0,,654,BROX
RNA self-attention,0,,654,BSND
RNA self-attention,0,,654,BTBD19
RNA self-attention,0,,654,C1GALT1C1L
RNA self-attention,0,,654,C1QC
RNA self-attention,0,,654,C1orf185
RNA self-attention,0,,654,C1orf220
RNA self-attention,0,,654,C1orf232
RNA self-attention,0,,654,C1orf53
RNA self-attention,0,,654,C1orf54
RNA self-attention,0,,654,C1orf74
RNA self-attention,0,,654,C2orf74
RNA self-attention,0,,654,C4BPB
RNA self-attention,0,,654,CALML6
RNA self-attention,0,,654,CAMK1G
RNA self-attention,0,,654,CAMK2N1
RNA self-attention,0,,654,CAMKMT
RNA self-attention,0,,654,CAMSAP2
RNA self-attention,0,,654,CAPN13
RNA self-attention,0,,654,CAPN14
RNA self-attention,0,,654,CAPN8
RNA self-attention,0,,654,CASQ1
RNA self-attention,0,,654,CASQ2
RNA self-attention,0,,654,CASZ1
RNA self-attention,0,,654,CC2D1B
RNA self-attention,0,,654,CCDC142
RNA self-attention,0,,654,CCDC30
RNA self-attention,0,,654,CD101
RNA self-attention,0,,654,CD160
RNA self-attention,0,,654,CD1A
RNA self-attention,0,,654,CD1C
RNA self-attention,0,,654,CD1D
RNA self-attention,0,,654,CD2
RNA self-attention,0,,654,CD244
RNA self-attention,0,,654,CD34
RNA self-attention,0,,654,CD5L
RNA self-attention,0,,654,CD84
RNA self-attention,0,,654,CDA
RNA self-attention,0,,654,CDCP2
RNA self-attention,0,,654,CDK18
RNA self-attention,0,,654,CDKL4
RNA self-attention,0,,654,CELSR2
RNA self-attention,0,,654,CEP68
RNA self-attention,0,,654,CFAP126
RNA self-attention,0,,654,CFAP74
RNA self-attention,0,,654,CFHR2
RNA self-attention,0,,654,CFHR3
RNA self-attention,0,,654,CHI3L1
RNA self-attention,0,,654,CHRM3
RNA self-attention,0,,654,CIART
RNA self-attention,0,,654,CIB4
RNA self-attention,0,,654,CITED4
RNA self-attention,0,,654,CLCA2
RNA self-attention,0,,654,CLCNKA
RNA self-attention,0,,654,CLCNKB
RNA self-attention,0,,654,CLEC20A
RNA self-attention,0,,654,CLIP4
RNA self-attention,0,,654,CLSTN1
RNA self-attention,0,,654,CMPK2
RNA self-attention,0,,654,CNIH3
RNA self-attention,0,,654,COL16A1
RNA self-attention,0,,654,COP1
RNA self-attention,0,,654,COQ8A
RNA self-attention,0,,654,COX7A2L
RNA self-attention,0,,654,CPLANE2
RNA self-attention,0,,654,CR2
RNA self-attention,0,,654,CRCT1
RNA self-attention,0,,654,CRP
RNA self-attention,0,,654,CRYBG2
RNA self-attention,0,,654,CSF3R
RNA self-attention,0,,654,CSRP1
RNA self-attention,0,,654,CTSK
RNA self-attention,0,,654,CTSS
RNA self-attention,0,,654,CTTNBP2NL
RNA self-attention,0,,654,CTXND2
RNA self-attention,0,,654,CYB561D1
RNA self-attention,0,,654,CYP4A22
RNA self-attention,0,,654,CYP4Z1
RNA self-attention,0,,654,CYS1
RNA self-attention,0,,654,DCDC2B
RNA self-attention,0,,654,DCDC2C
RNA self-attention,0,,654,DCLRE1B
RNA self-attention,0,,654,DCST2
RNA self-attention,0,,654,DDX59
RNA self-attention,0,,654,DENND2C
RNA self-attention,0,,654,DENND2D
RNA self-attention,0,,654,DENND4B
RNA self-attention,0,,654,DHX57
RNA self-attention,0,,654,DIO1
RNA self-attention,0,,654,DIPK1A
RNA self-attention,0,,654,DISC1
RNA self-attention,0,,654,DISP3
RNA self-attention,0,,654,DNAJC27
RNA self-attention,0,,654,DNASE2B
RNA self-attention,0,,654,DNM3
RNA self-attention,0,,654,DOCK7
RNA self-attention,0,,654,DPT
RNA self-attention,0,,654,DQX1
RNA self-attention,0,,654,DYSF
RNA self-attention,0,,654,ECE1
RNA self-attention,0,,654,ECHDC2
RNA self-attention,0,,654,EFEMP1
RNA self-attention,0,,654,EFNA4
RNA self-attention,0,,654,EFR3B
RNA self-attention,0,,654,EML6
RNA self-attention,0,,654,EPAS1
RNA self-attention,0,,654,EPHA2
RNA self-attention,0,,654,EPHA8
RNA self-attention,0,,654,EPHB2
RNA self-attention,0,,654,EPHX4
RNA self-attention,0,,654,ERICH3
RNA self-attention,0,,654,ESPN
RNA self-attention,0,,654,ESRRG
RNA self-attention,0,,654,ETNK2
RNA self-attention,0,,654,ETV3L
RNA self-attention,0,,654,EVI5
RNA self-attention,0,,654,EXO5
RNA self-attention,0,,654,EXOC6B
RNA self-attention,0,,654,F3
RNA self-attention,0,,654,FAM228A
RNA self-attention,0,,654,FAM228B
RNA self-attention,0,,654,FAM72A
RNA self-attention,0,,654,FASLG
RNA self-attention,0,,654,FBLIM1
RNA self-attention,0,,654,FBXO42
RNA self-attention,0,,654,FBXO44
RNA self-attention,0,,654,FBXO6
RNA self-attention,0,,654,FCER1G
RNA self-attention,0,,654,FCGR3A
RNA self-attention,0,,654,FCRL2
RNA self-attention,0,,654,FCRL3
RNA self-attention,0,,654,FCRL6
RNA self-attention,0,,654,FCRLB
RNA self-attention,0,,654,FGR
RNA self-attention,0,,654,FIGLA
RNA self-attention,0,,654,FKBP1B
RNA self-attention,0,,654,FLG
RNA self-attention,0,,654,FLG2
RNA self-attention,0,,654,FLVCR1
RNA self-attention,0,,654,FMN2
RNA self-attention,0,,654,FMO1
RNA self-attention,0,,654,FMO2
RNA self-attention,0,,654,FMO5
RNA self-attention,0,,654,FOXD2
RNA self-attention,0,,654,FOXE3
RNA self-attention,0,,654,FOXN2
RNA self-attention,0,,654,FPGT
RNA self-attention,0,,654,FRRS1
RNA self-attention,0,,654,FUCA1
RNA self-attention,0,,654,FYB2
RNA self-attention,0,,654,GALNT14
RNA self-attention,0,,654,GATAD2B
RNA self-attention,0,,654,GBP2
RNA self-attention,0,,654,GBP5
RNA self-attention,0,,654,GBP6
RNA self-attention,0,,654,GDF7
RNA self-attention,0,,654,GJA4
RNA self-attention,0,,654,GJA8
RNA self-attention,0,,654,GJB3
RNA self-attention,0,,654,GKN2
RNA self-attention,0,,654,GLIS1
RNA self-attention,0,,654,GLUL
RNA self-attention,0,,654,GNAT2
RNA self-attention,0,,654,GNG12
RNA self-attention,0,,654,GNG4
RNA self-attention,0,,654,GOLPH3L
RNA self-attention,0,,654,GORAB
RNA self-attention,0,,654,GPR137B
RNA self-attention,0,,654,GPR157
RNA self-attention,0,,654,GPR161
RNA self-attention,0,,654,GPR25
RNA self-attention,0,,654,GPR61
RNA self-attention,0,,654,GPR88
RNA self-attention,0,,654,GPX7
RNA self-attention,0,,654,GRHL1
RNA self-attention,0,,654,GRHL3
RNA self-attention,0,,654,GSTM2
RNA self-attention,0,,654,GSTM3
RNA self-attention,0,,654,GSTM5
RNA self-attention,0,,654,GUCA2A
RNA self-attention,0,,654,GUCA2B
RNA self-attention,0,,654,HAAO
RNA self-attention,0,,654,HAX1
RNA self-attention,0,,654,HCN3
RNA self-attention,0,,654,HEYL
RNA self-attention,0,,654,HFM1
RNA self-attention,0,,654,HHAT
RNA self-attention,0,,654,HHIPL2
RNA self-attention,0,,654,HK2
RNA self-attention,0,,654,HMCN1
RNA self-attention,0,,654,HMGCL
RNA self-attention,0,,654,HMGCS2
RNA self-attention,0,,654,HNRNPCL2
RNA self-attention,0,,654,HOOK1
RNA self-attention,0,,654,HORMAD1
RNA self-attention,0,,654,HPCA
RNA self-attention,0,,654,HPCAL4
RNA self-attention,0,,654,HPDL
RNA self-attention,0,,654,HS1BP3
RNA self-attention,0,,654,HSD11B1
RNA self-attention,0,,654,HSPB7
RNA self-attention,0,,654,HTR6
RNA self-attention,0,,654,IAH1
RNA self-attention,0,,654,IBA57-DT
RNA self-attention,0,,654,ID2
RNA self-attention,0,,654,IFFO2
RNA self-attention,0,,654,IFNLR1
RNA self-attention,0,,654,IGFN1
RNA self-attention,0,,654,IGSF21
RNA self-attention,0,,654,IL10
RNA self-attention,0,,654,IL19
RNA self-attention,0,,654,IL20
RNA self-attention,0,,654,IL6R
RNA self-attention,0,,654,ILDR2
RNA self-attention,0,,654,INAVA
RNA self-attention,0,,654,INPP5B
RNA self-attention,0,,654,INSRR
RNA self-attention,0,,654,IRF6
RNA self-attention,0,,654,ITLN1
RNA self-attention,0,,654,ITPKB
RNA self-attention,0,,654,ITSN2
RNA self-attention,0,,654,IVL
RNA self-attention,0,,654,KANK4
RNA self-attention,0,,654,KCNA10
RNA self-attention,0,,654,KCNA2
RNA self-attention,0,,654,KCNC4
RNA self-attention,0,,654,KCNH1
RNA self-attention,0,,654,KCNJ9
RNA self-attention,0,,654,KCNN3
RNA self-attention,0,,654,KCNS3
RNA self-attention,0,,654,KDM4A
RNA self-attention,0,,654,KDM5B
RNA self-attention,0,,654,KIAA0040
RNA self-attention,0,,654,KIF26B
RNA self-attention,0,,654,KIF3C
RNA self-attention,0,,654,KIRREL1
RNA self-attention,0,,654,KISS1
RNA self-attention,0,,654,KLHDC7A
RNA self-attention,0,,654,KLHDC8A
RNA self-attention,0,,654,KLHL20
RNA self-attention,0,,654,KMO
RNA self-attention,0,,654,KNCN
RNA self-attention,0,,654,KRTCAP3
RNA self-attention,0,,654,LACTBL1
RNA self-attention,0,,654,LAD1
RNA self-attention,0,,654,LAMB3
RNA self-attention,0,,654,LAMC2
RNA self-attention,0,,654,LBH
RNA self-attention,0,,654,LBX2
RNA self-attention,0,,654,LCE1A
RNA self-attention,0,,654,LCE1B
RNA self-attention,0,,654,LCE1C
RNA self-attention,0,,654,LCE1E
RNA self-attention,0,,654,LCE1F
RNA self-attention,0,,654,LCE4A
RNA self-attention,0,,654,LCK
RNA self-attention,0,,654,LCLAT1
RNA self-attention,0,,654,LDLRAD2
RNA self-attention,0,,654,LDLRAP1
RNA self-attention,0,,654,LEFTY2
RNA self-attention,0,,654,LEMD1
RNA self-attention,0,,654,LGALS8
RNA self-attention,0,,654,LHCGR
RNA self-attention,0,,654,LHX4
RNA self-attention,0,,654,LHX8
RNA self-attention,0,,654,LIN28A
RNA self-attention,0,,654,LINC00303
RNA self-attention,0,,654,LINC00862
RNA self-attention,0,,654,LINC01356
RNA self-attention,0,,654,LINC01555
RNA self-attention,0,,654,LIX1L
RNA self-attention,0,,654,LRATD1
RNA self-attention,0,,654,LRRC39
RNA self-attention,0,,654,LRRC53
RNA self-attention,0,,654,LRRC7
RNA self-attention,0,,654,LRRC8D
RNA self-attention,0,,654,LRRIQ3
RNA self-attention,0,,654,LUZP1
RNA self-attention,0,,654,LYPLAL1
RNA self-attention,0,,654,LYSMD1
RNA self-attention,0,,654,LYST
RNA self-attention,0,,654,M1AP
RNA self-attention,0,,654,MAEL
RNA self-attention,0,,654,MAGOH
RNA self-attention,0,,654,MAN1C1
RNA self-attention,0,,654,MAP10
RNA self-attention,0,,654,MAP1LC3C
RNA self-attention,0,,654,MAP3K21
RNA self-attention,0,,654,MARK1
RNA self-attention,0,,654,MASP2
RNA self-attention,0,,654,MCEE
RNA self-attention,0,,654,MCOLN3
RNA self-attention,0,,654,MEF2D
RNA self-attention,0,,654,MEIS1
RNA self-attention,0,,654,MFAP2
RNA self-attention,0,,654,MFSD2A
RNA self-attention,0,,654,MIB2
RNA self-attention,0,,654,MIER1
RNA self-attention,0,,654,MIGA1
RNA self-attention,0,,654,MMACHC
RNA self-attention,0,,654,MPL
RNA self-attention,0,,654,MR1
RNA self-attention,0,,654,MRPL20
RNA self-attention,0,,654,MRPL55
RNA self-attention,0,,654,MSGN1
RNA self-attention,0,,654,MSH4
RNA self-attention,0,,654,MTHFD2
RNA self-attention,0,,654,MUTYH
RNA self-attention,0,,654,MXRA8
RNA self-attention,0,,654,MYBPH
RNA self-attention,0,,654,MYBPHL
RNA self-attention,0,,654,MYCL
RNA self-attention,0,,654,MYOC
RNA self-attention,0,,654,MYOCOS
RNA self-attention,0,,654,MYOM3
RNA self-attention,0,,654,MYT1L
RNA self-attention,0,,654,NAT8
RNA self-attention,0,,654,NBL1
RNA self-attention,0,,654,NBPF1
RNA self-attention,0,,654,NBPF19
RNA self-attention,0,,654,NBPF6
RNA self-attention,0,,654,NBPF9
RNA self-attention,0,,654,NCSTN
RNA self-attention,0,,654,NECTIN4
RNA self-attention,0,,654,NEXN
RNA self-attention,0,,654,NEXN-AS1
RNA self-attention,0,,654,NGF
RNA self-attention,0,,654,NHLH2
RNA self-attention,0,,654,NKAIN1
RNA self-attention,0,,654,NLRC4
RNA self-attention,0,,654,NMNAT2
RNA self-attention,0,,654,NOTCH2
RNA self-attention,0,,654,NOTCH2NLA
RNA self-attention,0,,654,NOTCH2NLB
RNA self-attention,0,,654,NPPA
RNA self-attention,0,,654,NPPB
RNA self-attention,0,,654,NR1I3
RNA self-attention,0,,654,NSL1
RNA self-attention,0,,654,NUP210L
RNA self-attention,0,,654,OBSCN-AS1
RNA self-attention,0,,654,ODF2L
RNA self-attention,0,,654,ODR4
RNA self-attention,0,,654,OPN3
RNA self-attention,0,,654,OR10K2
RNA self-attention,0,,654,OR10R2
RNA self-attention,0,,654,OR10T2
RNA self-attention,0,,654,OR10X1
RNA self-attention,0,,654,OR10Z1
RNA self-attention,0,,654,OR14K1
RNA self-attention,0,,654,OR2AJ1
RNA self-attention,0,,654,OR2G6
RNA self-attention,0,,654,OR2L3
RNA self-attention,0,,654,OR2M2
RNA self-attention,0,,654,OR2T10
RNA self-attention,0,,654,OR2T11
RNA self-attention,0,,654,OR2T27
RNA self-attention,0,,654,OR2T3
RNA self-attention,0,,654,OR2T34
RNA self-attention,0,,654,OR2T35
RNA self-attention,0,,654,OR2T4
RNA self-attention,0,,654,OR2T5
RNA self-attention,0,,654,OR2T8
RNA self-attention,0,,654,OR4F5
RNA self-attention,0,,654,OR6K2
RNA self-attention,0,,654,OR6K6
RNA self-attention,0,,654,OR6N1
RNA self-attention,0,,654,OR6N2
RNA self-attention,0,,654,ORC1
RNA self-attention,0,,654,OSCP1
RNA self-attention,0,,654,OTOF
RNA self-attention,0,,654,OTUD7B
RNA self-attention,0,,654,OTX1
RNA self-attention,0,,654,OVGP1
RNA self-attention,0,,654,OXCT2
RNA self-attention,0,,654,P3R3URF
RNA self-attention,0,,654,PADI3
RNA self-attention,0,,654,PADI4
RNA self-attention,0,,654,PAQR7
RNA self-attention,0,,654,PCNX2
RNA self-attention,0,,654,PDC
RNA self-attention,0,,654,PDE4B
RNA self-attention,0,,654,PDPN
RNA self-attention,0,,654,PDZK1IP1
RNA self-attention,0,,654,PELI1
RNA self-attention,0,,654,PERM1
RNA self-attention,0,,654,PEX19
RNA self-attention,0,,654,PFN4
RNA self-attention,0,,654,PGLYRP4
RNA self-attention,0,,654,PHACTR4
RNA self-attention,0,,654,PHC2
RNA self-attention,0,,654,PIGM
RNA self-attention,0,,654,PIGV
RNA self-attention,0,,654,PIK3CD
RNA self-attention,0,,654,PINK1
RNA self-attention,0,,654,PLA2G2C
RNA self-attention,0,,654,PLA2G2E
RNA self-attention,0,,654,PLA2G2F
RNA self-attention,0,,654,PLEKHA6
RNA self-attention,0,,654,PLEKHH2
RNA self-attention,0,,654,PLEKHN1
RNA self-attention,0,,654,PLEKHO1
RNA self-attention,0,,654,PLPP3
RNA self-attention,0,,654,PLPPR5
RNA self-attention,0,,654,PM20D1
RNA self-attention,0,,654,POU3F1
RNA self-attention,0,,654,PPCS
RNA self-attention,0,,654,PPFIA4
RNA self-attention,0,,654,PPIAL4A
RNA self-attention,0,,654,PPIAL4C
RNA self-attention,0,,654,PPIAL4D
RNA self-attention,0,,654,PPIAL4F
RNA self-attention,0,,654,PPM1J
RNA self-attention,0,,654,PPP1R21
RNA self-attention,0,,654,PRAMEF12
RNA self-attention,0,,654,PRAMEF18
RNA self-attention,0,,654,PRAMEF19
RNA self-attention,0,,654,PRAMEF20
RNA self-attention,0,,654,PRAMEF8
RNA self-attention,0,,654,PRG4
RNA self-attention,0,,654,PRKAB2
RNA self-attention,0,,654,PRKACB
RNA self-attention,0,,654,PRKCE
RNA self-attention,0,,654,PRKCZ
RNA self-attention,0,,654,PROKR1
RNA self-attention,0,,654,PRUNE1
RNA self-attention,0,,654,PSEN2
RNA self-attention,0,,654,PTBP2
RNA self-attention,0,,654,PTCH2
RNA self-attention,0,,654,PTGFR
RNA self-attention,0,,654,PTGS2
RNA self-attention,0,,654,PTPN14
RNA self-attention,0,,654,PUS10
RNA self-attention,0,,654,RAB25
RNA self-attention,0,,654,RAB3B
RNA self-attention,0,,654,RAB7B
RNA self-attention,0,,654,RASAL2
RNA self-attention,0,,654,RASGRP3
RNA self-attention,0,,654,RBKS
RNA self-attention,0,,654,RBP7
RNA self-attention,0,,654,REG1B
RNA self-attention,0,,654,REG3G
RNA self-attention,0,,654,RGS16
RNA self-attention,0,,654,RGS18
RNA self-attention,0,,654,RGS8
RNA self-attention,0,,654,RHBDL2
RNA self-attention,0,,654,RHBG
RNA self-attention,0,,654,RHOU
RNA self-attention,0,,654,RIIAD1
RNA self-attention,0,,654,RNF115
RNA self-attention,0,,654,RNF223
RNA self-attention,0,,654,RNPC3
RNA self-attention,0,,654,ROR1
RNA self-attention,0,,654,RSAD2
RNA self-attention,0,,654,RSC1A1
RNA self-attention,0,,654,RSPO1
RNA self-attention,0,,654,RUSC1-AS1
RNA self-attention,0,,654,RYR2
RNA self-attention,0,,654,S100A12
RNA self-attention,0,,654,S100A3
RNA self-attention,0,,654,S100A4
RNA self-attention,0,,654,S100A5
RNA self-attention,0,,654,S100A7A
RNA self-attention,0,,654,S1PR1
RNA self-attention,0,,654,SAMD11
RNA self-attention,0,,654,SCMH1
RNA self-attention,0,,654,SDCCAG8
RNA self-attention,0,,654,SEC16B
RNA self-attention,0,,654,SEMA4F
RNA self-attention,0,,654,SERINC2
RNA self-attention,0,,654,SERPINC1
RNA self-attention,0,,654,SERTAD4-AS1
RNA self-attention,0,,654,SETSIP
RNA self-attention,0,,654,SFN
RNA self-attention,0,,654,SFXN5
RNA self-attention,0,,654,SGIP1
RNA self-attention,0,,654,SH2D1B
RNA self-attention,0,,654,SH2D5
RNA self-attention,0,,654,SH3YL1
RNA self-attention,0,,654,SHE
RNA self-attention,0,,654,SHISA4
RNA self-attention,0,,654,SIPA1L2
RNA self-attention,0,,654,SIX2
RNA self-attention,0,,654,SKI
RNA self-attention,0,,654,SLAMF1
RNA self-attention,0,,654,SLAMF8
RNA self-attention,0,,654,SLC1A4
RNA self-attention,0,,654,SLC22A15
RNA self-attention,0,,654,SLC27A3
RNA self-attention,0,,654,SLC30A2
RNA self-attention,0,,654,SLC35A3
RNA self-attention,0,,654,SLC35E2A
RNA self-attention,0,,654,SLC35E2B
RNA self-attention,0,,654,SLC35F3
RNA self-attention,0,,654,SLC3A1
RNA self-attention,0,,654,SLC44A5
RNA self-attention,0,,654,SLC45A3
RNA self-attention,0,,654,SLC5A9
RNA self-attention,0,,654,SLC6A17
RNA self-attention,0,,654,SLC9A1
RNA self-attention,0,,654,SLC9C2
RNA self-attention,0,,654,SLFNL1
RNA self-attention,0,,654,SNX7
RNA self-attention,0,,654,SPAG17
RNA self-attention,0,,654,SPAST
RNA self-attention,0,,654,SPATA1
RNA self-attention,0,,654,SPATA46
RNA self-attention,0,,654,SPRR1A
RNA self-attention,0,,654,SPRR2D
RNA self-attention,0,,654,SPRR4
RNA self-attention,0,,654,SPRR5
RNA self-attention,0,,654,SPTBN1
RNA self-attention,0,,654,SRARP
RNA self-attention,0,,654,SRGAP2
RNA self-attention,0,,654,SRGAP2B
RNA self-attention,0,,654,SRSF4
RNA self-attention,0,,654,SRSF7
RNA self-attention,0,,654,SSBP3-AS1
RNA self-attention,0,,654,ST3GAL3
RNA self-attention,0,,654,STON1
RNA self-attention,0,,654,STUM
RNA self-attention,0,,654,STX12
RNA self-attention,0,,654,STX6
RNA self-attention,0,,654,STXBP3
RNA self-attention,0,,654,SV2A
RNA self-attention,0,,654,SYCP1
RNA self-attention,0,,654,SYDE2
RNA self-attention,0,,654,SYT6
RNA self-attention,0,,654,TAF1B
RNA self-attention,0,,654,TAS1R1
RNA self-attention,0,,654,TBX19
RNA self-attention,0,,654,TCEA3
RNA self-attention,0,,654,TCEANC2
RNA self-attention,0,,654,TCHH
RNA self-attention,0,,654,TCHHL1
RNA self-attention,0,,654,TDRD5
RNA self-attention,0,,654,TENT5B
RNA self-attention,0,,654,TESK2
RNA self-attention,0,,654,TEX35
RNA self-attention,0,,654,TGFA
RNA self-attention,0,,654,THBS3
RNA self-attention,0,,654,THEM5
RNA self-attention,0,,654,THEMIS2
RNA self-attention,0,,654,TLR5
RNA self-attention,0,,654,TLX2
RNA self-attention,0,,654,TMCC2
RNA self-attention,0,,654,TMCO2
RNA self-attention,0,,654,TMCO4
RNA self-attention,0,,654,TMEM125
RNA self-attention,0,,654,TMEM17
RNA self-attention,0,,654,TMEM222
RNA self-attention,0,,654,TMEM247
RNA self-attention,0,,654,TMEM269
RNA self-attention,0,,654,TMEM39B
RNA self-attention,0,,654,TMEM53
RNA self-attention,0,,654,TMEM61
RNA self-attention,0,,654,TMEM78
RNA self-attention,0,,654,TMEM82
RNA self-attention,0,,654,TMIGD3
RNA self-attention,0,,654,TMOD4
RNA self-attention,0,,654,TNFRSF25
RNA self-attention,0,,654,TNFRSF4
RNA self-attention,0,,654,TNFRSF9
RNA self-attention,0,,654,TNFSF18
RNA self-attention,0,,654,TNNI3K
RNA self-attention,0,,654,TNNT2
RNA self-attention,0,,654,TNR
RNA self-attention,0,,654,TOR1AIP1
RNA self-attention,0,,654,TP73
RNA self-attention,0,,654,TRAF5
RNA self-attention,0,,654,TRIM17
RNA self-attention,0,,654,TRIM45
RNA self-attention,0,,654,TRIM63
RNA self-attention,0,,654,TRNP1
RNA self-attention,0,,654,TSACC
RNA self-attention,0,,654,TTC22
RNA self-attention,0,,654,TXNIP
RNA self-attention,0,,654,UBR4
RNA self-attention,0,,654,UBXN2A
RNA self-attention,0,,654,UCHL5
RNA self-attention,0,,654,UCN
RNA self-attention,0,,654,USP33
RNA self-attention,0,,654,VANGL2
RNA self-attention,0,,654,VSIG8
RNA self-attention,0,,654,VWA5B1
RNA self-attention,0,,654,WDR54
RNA self-attention,0,,654,WDR64
RNA self-attention,0,,654,WNT2B
RNA self-attention,0,,654,XCL1
RNA self-attention,0,,654,XCL2
RNA self-attention,0,,654,YIPF1
RNA self-attention,0,,654,ZBED6
RNA self-attention,0,,654,ZBTB48
RNA self-attention,0,,654,ZBTB8A
RNA self-attention,0,,654,ZC3H11A
RNA self-attention,0,,654,ZMYM1
RNA self-attention,0,,654,ZMYM6
RNA self-attention,0,,654,ZMYND12
RNA self-attention,0,,654,ZNF362
RNA self-attention,0,,654,ZNF436-AS1
RNA self-attention,0,,654,ZNF512
RNA self-attention,0,,654,ZNF513
RNA self-attention,0,,654,ZNF683
RNA self-attention,0,,654,ZSCAN20
RNA self-attention,0,,654,ZSWIM5
RNA self-attention,2,,510,AADACL4
RNA self-attention,2,,510,ABCG8
RNA self-attention,2,,510,ABL2
RNA self-attention,2,,510,ACTL8
RNA self-attention,2,,510,ADAM17
RNA self-attention,2,,510,ADCY3
RNA self-attention,2,,510,ADORA1
RNA self-attention,2,,510,ADORA3
RNA self-attention,2,,510,AGO1
RNA self-attention,2,,510,AGRN
RNA self-attention,2,,510,AKNAD1
RNA self-attention,2,,510,AKR7A3
RNA self-attention,2,,510,ALK
RNA self-attention,2,,510,ALMS1
RNA self-attention,2,,510,ALPL
RNA self-attention,2,,510,AMIGO1
RNA self-attention,2,,510,AMY2B
RNA self-attention,2,,510,ANGPTL1
RNA self-attention,2,,510,ANGPTL3
RNA self-attention,2,,510,ANKRD34A
RNA self-attention,2,,510,ANKRD35
RNA self-attention,2,,510,ANXA9
RNA self-attention,2,,510,AP4B1
RNA self-attention,2,,510,APOA2
RNA self-attention,2,,510,APOBEC4
RNA self-attention,2,,510,ARHGEF10L
RNA self-attention,2,,510,ARHGEF11
RNA self-attention,2,,510,ASXL2
RNA self-attention,2,,510,ATAD2B
RNA self-attention,2,,510,ATF6
RNA self-attention,2,,510,ATG4C
RNA self-attention,2,,510,ATP1A1-AS1
RNA self-attention,2,,510,ATP6V1C2
RNA self-attention,2,,510,ATP6V1E2
RNA self-attention,2,,510,ATP6V1G3
RNA self-attention,2,,510,ATXN7L2
RNA self-attention,2,,510,AVPR1B
RNA self-attention,2,,510,BCAN
RNA self-attention,2,,510,BECN2
RNA self-attention,2,,510,BGLAP
RNA self-attention,2,,510,BIRC6
RNA self-attention,2,,510,BNIPL
RNA self-attention,2,,510,BRINP2
RNA self-attention,2,,510,BTBD8
RNA self-attention,2,,510,C1QB
RNA self-attention,2,,510,C1orf115
RNA self-attention,2,,510,C1orf167
RNA self-attention,2,,510,C1orf198
RNA self-attention,2,,510,C1orf210
RNA self-attention,2,,510,C1orf226
RNA self-attention,2,,510,C1orf87
RNA self-attention,2,,510,C1orf94
RNA self-attention,2,,510,C2CD4D
RNA self-attention,2,,510,C2orf78
RNA self-attention,2,,510,C4BPA
RNA self-attention,2,,510,C8A
RNA self-attention,2,,510,C8B
RNA self-attention,2,,510,CA14
RNA self-attention,2,,510,CA6
RNA self-attention,2,,510,CACHD1
RNA self-attention,2,,510,CACNA1E
RNA self-attention,2,,510,CADM3
RNA self-attention,2,,510,CCDC121
RNA self-attention,2,,510,CCDC163
RNA self-attention,2,,510,CCDC185
RNA self-attention,2,,510,CCDC27
RNA self-attention,2,,510,CCDC88A
RNA self-attention,2,,510,CD164L2
RNA self-attention,2,,510,CD1B
RNA self-attention,2,,510,CD1E
RNA self-attention,2,,510,CD207
RNA self-attention,2,,510,CD46
RNA self-attention,2,,510,CELF3
RNA self-attention,2,,510,CENPL
RNA self-attention,2,,510,CEP350
RNA self-attention,2,,510,CEPT1
RNA self-attention,2,,510,CFAP57
RNA self-attention,2,,510,CHD1L
RNA self-attention,2,,510,CHIT1
RNA self-attention,2,,510,CHRNB2
RNA self-attention,2,,510,CLCA1
RNA self-attention,2,,510,CLCC1
RNA self-attention,2,,510,CLCN6
RNA self-attention,2,,510,CLDN19
RNA self-attention,2,,510,CLSPN
RNA self-attention,2,,510,CNKSR1
RNA self-attention,2,,510,CNN3
RNA self-attention,2,,510,CNRIP1
RNA self-attention,2,,510,CNTN2
RNA self-attention,2,,510,COL11A1
RNA self-attention,2,,510,COL24A1
RNA self-attention,2,,510,COL9A2
RNA self-attention,2,,510,CRABP2
RNA self-attention,2,,510,CRIM1
RNA self-attention,2,,510,CRNN
RNA self-attention,2,,510,CTH
RNA self-attention,2,,510,CTSE
RNA self-attention,2,,510,CYP4A11
RNA self-attention,2,,510,CYP4B1
RNA self-attention,2,,510,DARS2
RNA self-attention,2,,510,DBT
RNA self-attention,2,,510,DCAF6
RNA self-attention,2,,510,DCTN1
RNA self-attention,2,,510,DDI2
RNA self-attention,2,,510,DDR2
RNA self-attention,2,,510,DISP1
RNA self-attention,2,,510,DLGAP3
RNA self-attention,2,,510,DNAJC16
RNA self-attention,2,,510,DNAJC5G
RNA self-attention,2,,510,DPYD
RNA self-attention,2,,510,DSTYK
RNA self-attention,2,,510,DTNB
RNA self-attention,2,,510,DUSP10
RNA self-attention,2,,510,DVL1
RNA self-attention,2,,510,DYRK3
RNA self-attention,2,,510,EFCAB14
RNA self-attention,2,,510,EHBP1
RNA self-attention,2,,510,EIPR1
RNA self-attention,2,,510,ELAVL4
RNA self-attention,2,,510,ELF3
RNA self-attention,2,,510,ELK4
RNA self-attention,2,,510,EMC1
RNA self-attention,2,,510,EMILIN1
RNA self-attention,2,,510,EMX1
RNA self-attention,2,,510,EPHA10
RNA self-attention,2,,510,ERRFI1
RNA self-attention,2,,510,ETAA1
RNA self-attention,2,,510,EXTL1
RNA self-attention,2,,510,F13B
RNA self-attention,2,,510,F5
RNA self-attention,2,,510,FAAH
RNA self-attention,2,,510,FABP3
RNA self-attention,2,,510,FAF1
RNA self-attention,2,,510,FAM161A
RNA self-attention,2,,510,FAM167B
RNA self-attention,2,,510,FAM43B
RNA self-attention,2,,510,FAM72C
RNA self-attention,2,,510,FAM72D
RNA self-attention,2,,510,FBXO48
RNA self-attention,2,,510,FCGR1A
RNA self-attention,2,,510,FCGR2B
RNA self-attention,2,,510,FCRL1
RNA self-attention,2,,510,FCRL4
RNA self-attention,2,,510,FCRL5
RNA self-attention,2,,510,FCRLA
RNA self-attention,2,,510,FNDC4
RNA self-attention,2,,510,FNDC7
RNA self-attention,2,,510,FOXD3
RNA self-attention,2,,510,FOXJ3
RNA self-attention,2,,510,FOXO6
RNA self-attention,2,,510,G0S2
RNA self-attention,2,,510,GAREM2
RNA self-attention,2,,510,GBP1
RNA self-attention,2,,510,GBP3
RNA self-attention,2,,510,GBP7
RNA self-attention,2,,510,GCSAML
RNA self-attention,2,,510,GFI1
RNA self-attention,2,,510,GIPC2
RNA self-attention,2,,510,GJA9
RNA self-attention,2,,510,GMCL1
RNA self-attention,2,,510,GMEB1
RNA self-attention,2,,510,GPA33
RNA self-attention,2,,510,GPATCH2
RNA self-attention,2,,510,GPR3
RNA self-attention,2,,510,GPR52
RNA self-attention,2,,510,GPR75
RNA self-attention,2,,510,GPR89A
RNA self-attention,2,,510,GPR89B
RNA self-attention,2,,510,GREM2
RNA self-attention,2,,510,GSTM1
RNA self-attention,2,,510,H6PD
RNA self-attention,2,,510,HEATR5B
RNA self-attention,2,,510,HECTD3
RNA self-attention,2,,510,HENMT1
RNA self-attention,2,,510,HLX
RNA self-attention,2,,510,HMGB4
RNA self-attention,2,,510,HNRNPCL1
RNA self-attention,2,,510,HNRNPCL3
RNA self-attention,2,,510,HNRNPCL4
RNA self-attention,2,,510,HPCAL1
RNA self-attention,2,,510,HS2ST1
RNA self-attention,2,,510,HSD3B1
RNA self-attention,2,,510,HSD3B2
RNA self-attention,2,,510,HTR1D
RNA self-attention,2,,510,IFT172
RNA self-attention,2,,510,IL22RA1
RNA self-attention,2,,510,IL24
RNA self-attention,2,,510,INKA2
RNA self-attention,2,,510,INSL5
RNA self-attention,2,,510,INTS3
RNA self-attention,2,,510,INTS7
RNA self-attention,2,,510,IPP
RNA self-attention,2,,510,IQGAP3
RNA self-attention,2,,510,ITLN2
RNA self-attention,2,,510,KCNA3
RNA self-attention,2,,510,KCNAB2
RNA self-attention,2,,510,KCNG3
RNA self-attention,2,,510,KCNK3
RNA self-attention,2,,510,KDF1
RNA self-attention,2,,510,KIF21B
RNA self-attention,2,,510,KLF17
RNA self-attention,2,,510,KLHDC9
RNA self-attention,2,,510,KLHL17
RNA self-attention,2,,510,KPNA6
RNA self-attention,2,,510,KTI12
RNA self-attention,2,,510,LAPTM4A
RNA self-attention,2,,510,LCE1D
RNA self-attention,2,,510,LCE2A
RNA self-attention,2,,510,LCE2C
RNA self-attention,2,,510,LCE3A
RNA self-attention,2,,510,LCE3C
RNA self-attention,2,,510,LCE3D
RNA self-attention,2,,510,LCE3E
RNA self-attention,2,,510,LCE6A
RNA self-attention,2,,510,LELP1
RNA self-attention,2,,510,LGALSL
RNA self-attention,2,,510,LGR6
RNA self-attention,2,,510,LINC00299
RNA self-attention,2,,510,LINGO4
RNA self-attention,2,,510,LMX1A
RNA self-attention,2,,510,LPAR3
RNA self-attention,2,,510,LRIG2
RNA self-attention,2,,510,LRP8
RNA self-attention,2,,510,LRPPRC
RNA self-attention,2,,510,LRRC38
RNA self-attention,2,,510,LRRN2
RNA self-attention,2,,510,LRRTM1
RNA self-attention,2,,510,LRRTM4
RNA self-attention,2,,510,LURAP1
RNA self-attention,2,,510,LY9
RNA self-attention,2,,510,LYPD8
RNA self-attention,2,,510,MACF1
RNA self-attention,2,,510,MAGI3
RNA self-attention,2,,510,MANEAL
RNA self-attention,2,,510,MAP3K6
RNA self-attention,2,,510,MAST2
RNA self-attention,2,,510,MATN3
RNA self-attention,2,,510,MEGF6
RNA self-attention,2,,510,MIXL1
RNA self-attention,2,,510,MMP23B
RNA self-attention,2,,510,MORN1
RNA self-attention,2,,510,MPZ
RNA self-attention,2,,510,MSH6
RNA self-attention,2,,510,MTA3
RNA self-attention,2,,510,MTF1
RNA self-attention,2,,510,MTMR11
RNA self-attention,2,,510,MTRNR2L11
RNA self-attention,2,,510,MUC1
RNA self-attention,2,,510,MYCNOS
RNA self-attention,2,,510,MYOG
RNA self-attention,2,,510,NBPF12
RNA self-attention,2,,510,NBPF15
RNA self-attention,2,,510,NBPF26
RNA self-attention,2,,510,NBPF3
RNA self-attention,2,,510,NCF2
RNA self-attention,2,,510,NCOA1
RNA self-attention,2,,510,NDUFAF7
RNA self-attention,2,,510,NFASC
RNA self-attention,2,,510,NLRP3
RNA self-attention,2,,510,NMNAT1
RNA self-attention,2,,510,NOL10
RNA self-attention,2,,510,NOTCH2NLC
RNA self-attention,2,,510,NPHP4
RNA self-attention,2,,510,NPR1
RNA self-attention,2,,510,NUAK2
RNA self-attention,2,,510,NUDT4B
RNA self-attention,2,,510,OLFML2B
RNA self-attention,2,,510,OPRD1
RNA self-attention,2,,510,OR10J1
RNA self-attention,2,,510,OR10K1
RNA self-attention,2,,510,OR13G1
RNA self-attention,2,,510,OR1C1
RNA self-attention,2,,510,OR2G2
RNA self-attention,2,,510,OR2G3
RNA self-attention,2,,510,OR2L13
RNA self-attention,2,,510,OR2L2
RNA self-attention,2,,510,OR2L8
RNA self-attention,2,,510,OR2M3
RNA self-attention,2,,510,OR2M4
RNA self-attention,2,,510,OR2M7
RNA self-attention,2,,510,OR2T1
RNA self-attention,2,,510,OR2T29
RNA self-attention,2,,510,OR2W3
RNA self-attention,2,,510,OR6F1
RNA self-attention,2,,510,OR6K3
RNA self-attention,2,,510,OR6P1
RNA self-attention,2,,510,OSR1
RNA self-attention,2,,510,OXER1
RNA self-attention,2,,510,PACC1
RNA self-attention,2,,510,PADI1
RNA self-attention,2,,510,PALMD
RNA self-attention,2,,510,PANK4
RNA self-attention,2,,510,PAPOLG
RNA self-attention,2,,510,PARS2
RNA self-attention,2,,510,PATJ
RNA self-attention,2,,510,PAX7
RNA self-attention,2,,510,PCSK9
RNA self-attention,2,,510,PDIK1L
RNA self-attention,2,,510,PEAR1
RNA self-attention,2,,510,PEX10
RNA self-attention,2,,510,PFDN2
RNA self-attention,2,,510,PHLDA3
RNA self-attention,2,,510,PI4KB
RNA self-attention,2,,510,PIGR
RNA self-attention,2,,510,PIK3C2B
RNA self-attention,2,,510,PIK3CD-AS1
RNA self-attention,2,,510,PIK3R3
RNA self-attention,2,,510,PKDCC
RNA self-attention,2,,510,PKN2
RNA self-attention,2,,510,PKP1
RNA self-attention,2,,510,PLA2G2A
RNA self-attention,2,,510,PLA2G2D
RNA self-attention,2,,510,PLA2G4A
RNA self-attention,2,,510,PLA2G5
RNA self-attention,2,,510,PLCH2
RNA self-attention,2,,510,PLEKHG5
RNA self-attention,2,,510,PLEKHM2
RNA self-attention,2,,510,PLK3
RNA self-attention,2,,510,PLPPR4
RNA self-attention,2,,510,PLXNA2
RNA self-attention,2,,510,PNRC2
RNA self-attention,2,,510,POGK
RNA self-attention,2,,510,PPIAL4H
RNA self-attention,2,,510,PPP1R12B
RNA self-attention,2,,510,PPP1R15B
RNA self-attention,2,,510,PPP1R8
RNA self-attention,2,,510,PPP3R1
RNA self-attention,2,,510,PRAMEF1
RNA self-attention,2,,510,PRAMEF10
RNA self-attention,2,,510,PRAMEF13
RNA self-attention,2,,510,PRAMEF14
RNA self-attention,2,,510,PRAMEF15
RNA self-attention,2,,510,PRAMEF17
RNA self-attention,2,,510,PRAMEF5
RNA self-attention,2,,510,PRAMEF6
RNA self-attention,2,,510,PRDM2
RNA self-attention,2,,510,PRMT6
RNA self-attention,2,,510,PROK1
RNA self-attention,2,,510,PRR30
RNA self-attention,2,,510,PRR9
RNA self-attention,2,,510,PRSS38
RNA self-attention,2,,510,PRXL2B
RNA self-attention,2,,510,PTGFRN
RNA self-attention,2,,510,PTP4A2
RNA self-attention,2,,510,PTPN7
RNA self-attention,2,,510,PTPRF
RNA self-attention,2,,510,PUM2
RNA self-attention,2,,510,PXDN
RNA self-attention,2,,510,RABGGTB
RNA self-attention,2,,510,RAD51AP2
RNA self-attention,2,,510,RAVER2
RNA self-attention,2,,510,RBMXL1
RNA self-attention,2,,510,RD3
RNA self-attention,2,,510,REG1A
RNA self-attention,2,,510,REG3A
RNA self-attention,2,,510,REN
RNA self-attention,2,,510,RFX5
RNA self-attention,2,,510,RGS21
RNA self-attention,2,,510,RGSL1
RNA self-attention,2,,510,RIMS3
RNA self-attention,2,,510,RNF207
RNA self-attention,2,,510,RO60
RNA self-attention,2,,510,RORC
RNA self-attention,2,,510,RPAP2
RNA self-attention,2,,510,RPRD2
RNA self-attention,2,,510,RPTN
RNA self-attention,2,,510,RRAGC
RNA self-attention,2,,510,RTKN
RNA self-attention,2,,510,RUNX3
RNA self-attention,2,,510,RXRG
RNA self-attention,2,,510,S100A14
RNA self-attention,2,,510,S100A16
RNA self-attention,2,,510,S100A2
RNA self-attention,2,,510,S100A7
RNA self-attention,2,,510,S100A7L2
RNA self-attention,2,,510,S100A8
RNA self-attention,2,,510,SAMD13
RNA self-attention,2,,510,SELENOI
RNA self-attention,2,,510,SELL
RNA self-attention,2,,510,SEMA4A
RNA self-attention,2,,510,SERTAD4
RNA self-attention,2,,510,SETDB1
RNA self-attention,2,,510,SH3BGRL3
RNA self-attention,2,,510,SLAMF7
RNA self-attention,2,,510,SLAMF9
RNA self-attention,2,,510,SLC16A4
RNA self-attention,2,,510,SLC2A5
RNA self-attention,2,,510,SLC2A7
RNA self-attention,2,,510,SLC30A3
RNA self-attention,2,,510,SLC30A7
RNA self-attention,2,,510,SLC35F6
RNA self-attention,2,,510,SLC45A1
RNA self-attention,2,,510,SLC4A5
RNA self-attention,2,,510,SLC5A6
RNA self-attention,2,,510,SLC6A9
RNA self-attention,2,,510,SMG5
RNA self-attention,2,,510,SMG7
RNA self-attention,2,,510,SMPDL3B
RNA self-attention,2,,510,SMYD5
RNA self-attention,2,,510,SNRNP40
RNA self-attention,2,,510,SNTG2
RNA self-attention,2,,510,SNX27
RNA self-attention,2,,510,SOX11
RNA self-attention,2,,510,SOX13
RNA self-attention,2,,510,SPATA6
RNA self-attention,2,,510,SPDYA
RNA self-attention,2,,510,SPEN
RNA self-attention,2,,510,SPOCD1
RNA self-attention,2,,510,SPRED2
RNA self-attention,2,,510,SPRR2A
RNA self-attention,2,,510,SPRR2B
RNA self-attention,2,,510,SPRR2E
RNA self-attention,2,,510,SPRR2G
RNA self-attention,2,,510,SPRR3
RNA self-attention,2,,510,SPSB1
RNA self-attention,2,,510,SRBD1
RNA self-attention,2,,510,SRRM1
RNA self-attention,2,,510,ST6GALNAC5
RNA self-attention,2,,510,STPG1
RNA self-attention,2,,510,STRIP1
RNA self-attention,2,,510,STRN
RNA self-attention,2,,510,SULT6B1
RNA self-attention,2,,510,SYT14
RNA self-attention,2,,510,SYT2
RNA self-attention,2,,510,SYTL1
RNA self-attention,2,,510,SZRD1
RNA self-attention,2,,510,TADA1
RNA self-attention,2,,510,TAF1A
RNA self-attention,2,,510,TARBP1
RNA self-attention,2,,510,TCF7L1
RNA self-attention,2,,510,TDRD10
RNA self-attention,2,,510,TDRD15
RNA self-attention,2,,510,TEDDM1
RNA self-attention,2,,510,TEKT2
RNA self-attention,2,,510,TEX38
RNA self-attention,2,,510,TEX50
RNA self-attention,2,,510,TGFB2
RNA self-attention,2,,510,TGFBR3
RNA self-attention,2,,510,THADA
RNA self-attention,2,,510,TIE1
RNA self-attention,2,,510,TIMM17A
RNA self-attention,2,,510,TMEM178A
RNA self-attention,2,,510,TMEM201
RNA self-attention,2,,510,TMEM234
RNA self-attention,2,,510,TMEM50A
RNA self-attention,2,,510,TMEM52
RNA self-attention,2,,510,TMEM59
RNA self-attention,2,,510,TMEM63A
RNA self-attention,2,,510,TMEM81
RNA self-attention,2,,510,TNFAIP8L2
RNA self-attention,2,,510,TNFRSF14
RNA self-attention,2,,510,TNFSF4
RNA self-attention,2,,510,TNN
RNA self-attention,2,,510,TNNI1
RNA self-attention,2,,510,TOGARAM2
RNA self-attention,2,,510,TOMM40L
RNA self-attention,2,,510,TPR
RNA self-attention,2,,510,TPRG1L
RNA self-attention,2,,510,TRABD2B
RNA self-attention,2,,510,TRAF3IP3
RNA self-attention,2,,510,TRIB2
RNA self-attention,2,,510,TRIM54
RNA self-attention,2,,510,TRIM62
RNA self-attention,2,,510,TRMT61B
RNA self-attention,2,,510,TSHB
RNA self-attention,2,,510,TSPAN2
RNA self-attention,2,,510,TTC13
RNA self-attention,2,,510,TTC24
RNA self-attention,2,,510,TTC31
RNA self-attention,2,,510,TTC34
RNA self-attention,2,,510,TTC39A
RNA self-attention,2,,510,TTC4
RNA self-attention,2,,510,TTC7A
RNA self-attention,2,,510,TTLL10
RNA self-attention,2,,510,TTLL7
RNA self-attention,2,,510,UBE2U
RNA self-attention,2,,510,UBE4B
RNA self-attention,2,,510,UBIAD1
RNA self-attention,2,,510,UBXN10
RNA self-attention,2,,510,URB2
RNA self-attention,2,,510,USH2A
RNA self-attention,2,,510,USP24
RNA self-attention,2,,510,USP34
RNA self-attention,2,,510,UTS2
RNA self-attention,2,,510,VASH2
RNA self-attention,2,,510,VAV3
RNA self-attention,2,,510,VAX2
RNA self-attention,2,,510,VIT
RNA self-attention,2,,510,VPS54
RNA self-attention,2,,510,VSNL1
RNA self-attention,2,,510,WDCP
RNA self-attention,2,,510,WDR26
RNA self-attention,2,,510,WDR35
RNA self-attention,2,,510,WDR47
RNA self-attention,2,,510,WDTC1
RNA self-attention,2,,510,WNT3A
RNA self-attention,2,,510,WNT4
RNA self-attention,2,,510,WNT9A
RNA self-attention,2,,510,XDH
RNA self-attention,2,,510,ZBTB18
RNA self-attention,2,,510,ZBTB40
RNA self-attention,2,,510,ZBTB8B
RNA self-attention,2,,510,ZC3H11B
RNA self-attention,2,,510,ZDHHC18
RNA self-attention,2,,510,ZFYVE9
RNA self-attention,2,,510,ZNF496
RNA self-attention,2,,510,ZNF678
RNA self-attention,2,,510,ZRANB2
RNA self-attention,2,,510,ZYG11A
RNA self-attention,2,,510,ZYG11B
RNA self-attention,3,,334,AADACL3
RNA self-attention,3,,334,ABCA4
RNA self-attention,3,,334,ABCD3
RNA self-attention,3,,334,ACAP3
RNA self-attention,3,,334,AGMAT
RNA self-attention,3,,334,ALDH9A1
RNA self-attention,3,,334,ALG14
RNA self-attention,3,,334,ALLC
RNA self-attention,3,,334,ALX3
RNA self-attention,3,,334,AMPD2
RNA self-attention,3,,334,AMY1A
RNA self-attention,3,,334,ANP32E
RNA self-attention,3,,334,ANTXR1
RNA self-attention,3,,334,ARF1
RNA self-attention,3,,334,ARHGAP25
RNA self-attention,3,,334,ARHGEF16
RNA self-attention,3,,334,ARNT
RNA self-attention,3,,334,ASPM
RNA self-attention,3,,334,ASPRV1
RNA self-attention,3,,334,ATP1A2
RNA self-attention,3,,334,ATP1A4
RNA self-attention,3,,334,ATP8B2
RNA self-attention,3,,334,ATPAF1
RNA self-attention,3,,334,AXDND1
RNA self-attention,3,,334,B3GALT6
RNA self-attention,3,,334,B4GALT3
RNA self-attention,3,,334,BCL9
RNA self-attention,3,,334,BMP8A
RNA self-attention,3,,334,BMP8B
RNA self-attention,3,,334,BRINP3
RNA self-attention,3,,334,C1QTNF12
RNA self-attention,3,,334,C1orf21
RNA self-attention,3,,334,C1orf216
RNA self-attention,3,,334,C1orf50
RNA self-attention,3,,334,C2orf42
RNA self-attention,3,,334,C2orf81
RNA self-attention,3,,334,CAPZA1
RNA self-attention,3,,334,CATSPERE
RNA self-attention,3,,334,CCDC17
RNA self-attention,3,,334,CCDC18
RNA self-attention,3,,334,CCDC190
RNA self-attention,3,,334,CCT3
RNA self-attention,3,,334,CD247
RNA self-attention,3,,334,CD48
RNA self-attention,3,,334,CDC20
RNA self-attention,3,,334,CELA2A
RNA self-attention,3,,334,CELA2B
RNA self-attention,3,,334,CELA3A
RNA self-attention,3,,334,CELA3B
RNA self-attention,3,,334,CENPF
RNA self-attention,3,,334,CENPS
RNA self-attention,3,,334,CERS2
RNA self-attention,3,,334,CFAP45
RNA self-attention,3,,334,CHAC2
RNA self-attention,3,,334,CHD5
RNA self-attention,3,,334,CHI3L2
RNA self-attention,3,,334,CHIA
RNA self-attention,3,,334,CKS1B
RNA self-attention,3,,334,CLEC4F
RNA self-attention,3,,334,COL8A2
RNA self-attention,3,,334,COMMD1
RNA self-attention,3,,334,CPT2
RNA self-attention,3,,334,CR1
RNA self-attention,3,,334,CRB1
RNA self-attention,3,,334,CREB3L4
RNA self-attention,3,,334,CROCC
RNA self-attention,3,,334,CSMD2
RNA self-attention,3,,334,CTNNA2
RNA self-attention,3,,334,CTNNBIP1
RNA self-attention,3,,334,CTRC
RNA self-attention,3,,334,CYP26B1
RNA self-attention,3,,334,CYP4X1
RNA self-attention,3,,334,DAB1
RNA self-attention,3,,334,DCST1
RNA self-attention,3,,334,DDAH1
RNA self-attention,3,,334,DEDD
RNA self-attention,3,,334,DFFB
RNA self-attention,3,,334,DHRS3
RNA self-attention,3,,334,DIRAS3
RNA self-attention,3,,334,DMRTA2
RNA self-attention,3,,334,DNAH6
RNA self-attention,3,,334,DNAJC8
RNA self-attention,3,,334,DNALI1
RNA self-attention,3,,334,DNMT3A
RNA self-attention,3,,334,DNTTIP2
RNA self-attention,3,,334,DPYSL5
RNA self-attention,3,,334,DRAXIN
RNA self-attention,3,,334,DUSP11
RNA self-attention,3,,334,DUSP12
RNA self-attention,3,,334,DYNC2LI1
RNA self-attention,3,,334,EDN2
RNA self-attention,3,,334,EFCAB2
RNA self-attention,3,,334,EFNA1
RNA self-attention,3,,334,EFNA3
RNA self-attention,3,,334,EGLN1
RNA self-attention,3,,334,EHD3
RNA self-attention,3,,334,EPHX1
RNA self-attention,3,,334,EPS8L3
RNA self-attention,3,,334,EVA1A
RNA self-attention,3,,334,EXTL2
RNA self-attention,3,,334,FAM110C
RNA self-attention,3,,334,FAM151A
RNA self-attention,3,,334,FAM163A
RNA self-attention,3,,334,FAM177B
RNA self-attention,3,,334,FAM229A
RNA self-attention,3,,334,FAM76A
RNA self-attention,3,,334,FBXO2
RNA self-attention,3,,334,FBXO41
RNA self-attention,3,,334,FCAMR
RNA self-attention,3,,334,FCER1A
RNA self-attention,3,,334,FCMR
RNA self-attention,3,,334,FHAD1
RNA self-attention,3,,334,FMO3
RNA self-attention,3,,334,FMO4
RNA self-attention,3,,334,FMOD
RNA self-attention,3,,334,FNDC10
RNA self-attention,3,,334,FNDC5
RNA self-attention,3,,334,FOSL2
RNA self-attention,3,,334,GABRD
RNA self-attention,3,,334,GADD45A
RNA self-attention,3,,334,GBP4
RNA self-attention,3,,334,GCKR
RNA self-attention,3,,334,GCLM
RNA self-attention,3,,334,GFI1B
RNA self-attention,3,,334,GJA5
RNA self-attention,3,,334,GJB4
RNA self-attention,3,,334,GJB5
RNA self-attention,3,,334,GJC2
RNA self-attention,3,,334,GKN1
RNA self-attention,3,,334,GNPAT
RNA self-attention,3,,334,GOLT1A
RNA self-attention,3,,334,GPATCH3
RNA self-attention,3,,334,GREB1
RNA self-attention,3,,334,GRIK3
RNA self-attention,3,,334,GSTM4
RNA self-attention,3,,334,GTF2A1L
RNA self-attention,3,,334,HAO2
RNA self-attention,3,,334,HAPLN2
RNA self-attention,3,,334,HCRTR1
RNA self-attention,3,,334,HDGF
RNA self-attention,3,,334,HES3
RNA self-attention,3,,334,HES5
RNA self-attention,3,,334,HJV
RNA self-attention,3,,334,HNRNPR
RNA self-attention,3,,334,HRNR
RNA self-attention,3,,334,HSPA6
RNA self-attention,3,,334,ICMT
RNA self-attention,3,,334,IFI44
RNA self-attention,3,,334,IFI44L
RNA self-attention,3,,334,IGSF3
RNA self-attention,3,,334,IGSF8
RNA self-attention,3,,334,IL12RB2
RNA self-attention,3,,334,INO80B
RNA self-attention,3,,334,IPO13
RNA self-attention,3,,334,JMJD4
RNA self-attention,3,,334,KCND3
RNA self-attention,3,,334,KCNF1
RNA self-attention,3,,334,KCNJ10
RNA self-attention,3,,334,KCNK12
RNA self-attention,3,,334,KCNK2
RNA self-attention,3,,334,KHK
RNA self-attention,3,,334,KIF17
RNA self-attention,3,,334,KIFAP3
RNA self-attention,3,,334,KLF18
RNA self-attention,3,,334,KLHL29
RNA self-attention,3,,334,KPRP
RNA self-attention,3,,334,KYAT3
RNA self-attention,3,,334,L1TD1
RNA self-attention,3,,334,LAMC1
RNA self-attention,3,,334,LAPTM5
RNA self-attention,3,,334,LAX1
RNA self-attention,3,,334,LCE2B
RNA self-attention,3,,334,LCE2D
RNA self-attention,3,,334,LCE5A
RNA self-attention,3,,334,LEFTY1
RNA self-attention,3,,334,LENEP
RNA self-attention,3,,334,LHX9
RNA self-attention,3,,334,LMNA
RNA self-attention,3,,334,LMOD1
RNA self-attention,3,,334,LOXL3
RNA self-attention,3,,334,LRRC52
RNA self-attention,3,,334,LRRC71
RNA self-attention,3,,334,LRRC8B
RNA self-attention,3,,334,MAB21L3
RNA self-attention,3,,334,MCOLN2
RNA self-attention,3,,334,MECR
RNA self-attention,3,,334,MEMO1
RNA self-attention,3,,334,MEX3A
RNA self-attention,3,,334,MFSD2B
RNA self-attention,3,,334,MFSD4A
RNA self-attention,3,,334,MICOS10
RNA self-attention,3,,334,MINDY1
RNA self-attention,3,,334,MMEL1
RNA self-attention,3,,334,MNDA
RNA self-attention,3,,334,MROH7
RNA self-attention,3,,334,MRPL53
RNA self-attention,3,,334,MYCN
RNA self-attention,3,,334,NAGK
RNA self-attention,3,,334,NBPF10
RNA self-attention,3,,334,NBPF4
RNA self-attention,3,,334,NEGR1
RNA self-attention,3,,334,NES
RNA self-attention,3,,334,NIPAL3
RNA self-attention,3,,334,NIT1
RNA self-attention,3,,334,NOS1AP
RNA self-attention,3,,334,NPHS2
RNA self-attention,3,,334,NPL
RNA self-attention,3,,334,NR5A2
RNA self-attention,3,,334,NT5C1A
RNA self-attention,3,,334,NTNG1
RNA self-attention,3,,334,NTPCR
RNA self-attention,3,,334,NTRK1
RNA self-attention,3,,334,NTSR2
RNA self-attention,3,,334,NUCKS1
RNA self-attention,3,,334,NUDT17
RNA self-attention,3,,334,OAZ3
RNA self-attention,3,,334,OBSCN
RNA self-attention,3,,334,OLFM3
RNA self-attention,3,,334,OR10J5
RNA self-attention,3,,334,OR11L1
RNA self-attention,3,,334,OR14A16
RNA self-attention,3,,334,OR14I1
RNA self-attention,3,,334,OR2AK2
RNA self-attention,3,,334,OR2B11
RNA self-attention,3,,334,OR2C3
RNA self-attention,3,,334,OR2T33
RNA self-attention,3,,334,OR2T6
RNA self-attention,3,,334,OR6Y1
RNA self-attention,3,,334,PADI2
RNA self-attention,3,,334,PADI6
RNA self-attention,3,,334,PAFAH2
RNA self-attention,3,,334,PAQR6
RNA self-attention,3,,334,PCARE
RNA self-attention,3,,334,PGBD5
RNA self-attention,3,,334,PGLYRP3
RNA self-attention,3,,334,PIP5K1A
RNA self-attention,3,,334,PLB1
RNA self-attention,3,,334,PLD5
RNA self-attention,3,,334,PLEK
RNA self-attention,3,,334,PLOD1
RNA self-attention,3,,334,PODN
RNA self-attention,3,,334,POLR3C
RNA self-attention,3,,334,POMC
RNA self-attention,3,,334,PPIAL4E
RNA self-attention,3,,334,PPIAL4G
RNA self-attention,3,,334,PRADC1
RNA self-attention,3,,334,PRAMEF11
RNA self-attention,3,,334,PRAMEF25
RNA self-attention,3,,334,PRAMEF27
RNA self-attention,3,,334,PRAMEF33
RNA self-attention,3,,334,PRAMEF4
RNA self-attention,3,,334,PRAMEF7
RNA self-attention,3,,334,PRKAA2
RNA self-attention,3,,334,PRKD3
RNA self-attention,3,,334,PSMD4
RNA self-attention,3,,334,PSRC1
RNA self-attention,3,,334,PTPN22
RNA self-attention,3,,334,PYGO2
RNA self-attention,3,,334,PYHIN1
RNA self-attention,3,,334,QPCT
RNA self-attention,3,,334,RAB11FIP5
RNA self-attention,3,,334,RAB29
RNA self-attention,3,,334,RABIF
RNA self-attention,3,,334,RAD54L
RNA self-attention,3,,334,RCAN3
RNA self-attention,3,,334,RDH14
RNA self-attention,3,,334,RGL1
RNA self-attention,3,,334,RGS1
RNA self-attention,3,,334,RGS13
RNA self-attention,3,,334,RGS4
RNA self-attention,3,,334,RHEX
RNA self-attention,3,,334,RHOC
RNA self-attention,3,,334,RMDN2
RNA self-attention,3,,334,RNF186
RNA self-attention,3,,334,RNF19B
RNA self-attention,3,,334,RPE65
RNA self-attention,3,,334,S100A1
RNA self-attention,3,,334,SCNN1D
RNA self-attention,3,,334,SCYL3
RNA self-attention,3,,334,SDC1
RNA self-attention,3,,334,SELE
RNA self-attention,3,,334,SELENOF
RNA self-attention,3,,334,SELENON
RNA self-attention,3,,334,SEMA6C
RNA self-attention,3,,334,SH3D21
RNA self-attention,3,,334,SHC1
RNA self-attention,3,,334,SHCBP1L
RNA self-attention,3,,334,SHISAL2A
RNA self-attention,3,,334,SLC1A7
RNA self-attention,3,,334,SLC25A34
RNA self-attention,3,,334,SLC26A9
RNA self-attention,3,,334,SLC35D1
RNA self-attention,3,,334,SLC39A1
RNA self-attention,3,,334,SLC44A3
RNA self-attention,3,,334,SLC8A1
RNA self-attention,3,,334,SMCP
RNA self-attention,3,,334,SMYD2
RNA self-attention,3,,334,SNAP47
RNA self-attention,3,,334,SNAPIN
RNA self-attention,3,,334,SOAT1
RNA self-attention,3,,334,SPATA45
RNA self-attention,3,,334,SPR
RNA self-attention,3,,334,ST6GALNAC3
RNA self-attention,3,,334,STPG4
RNA self-attention,3,,334,SYPL2
RNA self-attention,3,,334,SYT11
RNA self-attention,3,,334,TACSTD2
RNA self-attention,3,,334,TAS1R3
RNA self-attention,3,,334,TBX15
RNA self-attention,3,,334,TCF23
RNA self-attention,3,,334,TEX46
RNA self-attention,3,,334,TINAGL1
RNA self-attention,3,,334,TMEM18
RNA self-attention,3,,334,TMEM214
RNA self-attention,3,,334,TMEM240
RNA self-attention,3,,334,TMEM51
RNA self-attention,3,,334,TMSB10
RNA self-attention,3,,334,TNFRSF18
RNA self-attention,3,,334,TNFRSF8
RNA self-attention,3,,334,TP53I3
RNA self-attention,3,,334,TRABD2A
RNA self-attention,3,,334,TRIM46
RNA self-attention,3,,334,TSPAN1
RNA self-attention,3,,334,UBE2Q1
RNA self-attention,3,,334,UBL4B
RNA self-attention,3,,334,VANGL1
RNA self-attention,3,,334,VCAM1
RNA self-attention,3,,334,VHLL
RNA self-attention,3,,334,VWA1
RNA self-attention,3,,334,WLS
RNA self-attention,3,,334,XKR8
RNA self-attention,3,,334,ZC3H12A
RNA self-attention,3,,334,ZFP69
RNA self-attention,3,,334,ZNF687
RNA self-attention,4,,184,ABHD1
RNA self-attention,4,,184,ACOT11
RNA self-attention,4,,184,ACTRT2
RNA self-attention,4,,184,ADAM30
RNA self-attention,4,,184,AGL
RNA self-attention,4,,184,AJAP1
RNA self-attention,4,,184,AK5
RNA self-attention,4,,184,ALDH4A1
RNA self-attention,4,,184,ALG6
RNA self-attention,4,,184,AMY1C
RNA self-attention,4,,184,AMY2A
RNA self-attention,4,,184,ANKRD13C
RNA self-attention,4,,184,ANKRD45
RNA self-attention,4,,184,ANKRD53
RNA self-attention,4,,184,ARHGEF19
RNA self-attention,4,,184,ARHGEF33
RNA self-attention,4,,184,ASAP3
RNA self-attention,4,,184,ASB17
RNA self-attention,4,,184,ASTN1
RNA self-attention,4,,184,ATP6V0B
RNA self-attention,4,,184,AUNIP
RNA self-attention,4,,184,BARHL2
RNA self-attention,4,,184,BEND5
RNA self-attention,4,,184,BPNT1
RNA self-attention,4,,184,C1QA
RNA self-attention,4,,184,C1orf105
RNA self-attention,4,,184,C1orf141
RNA self-attention,4,,184,C1orf162
RNA self-attention,4,,184,C1orf174
RNA self-attention,4,,184,CACNA1S
RNA self-attention,4,,184,CAPN9
RNA self-attention,4,,184,CASP9
RNA self-attention,4,,184,CATSPER4
RNA self-attention,4,,184,CCDC181
RNA self-attention,4,,184,CCDC85A
RNA self-attention,4,,184,CCN1
RNA self-attention,4,,184,CDC42EP3
RNA self-attention,4,,184,CENPO
RNA self-attention,4,,184,CFHR1
RNA self-attention,4,,184,CFHR5
RNA self-attention,4,,184,CGN
RNA self-attention,4,,184,CGREF1
RNA self-attention,4,,184,CLCA4
RNA self-attention,4,,184,CNR2
RNA self-attention,4,,184,COA7
RNA self-attention,4,,184,COLEC11
RNA self-attention,4,,184,CORT
RNA self-attention,4,,184,CPTP
RNA self-attention,4,,184,CSDE1
RNA self-attention,4,,184,CYB5RL
RNA self-attention,4,,184,CYP1B1
RNA self-attention,4,,184,CYP2J2
RNA self-attention,4,,184,DDX20
RNA self-attention,4,,184,DHX9
RNA self-attention,4,,184,DMAP1
RNA self-attention,4,,184,DMBX1
RNA self-attention,4,,184,DMRTB1
RNA self-attention,4,,184,DPH5
RNA self-attention,4,,184,DR1
RNA self-attention,4,,184,DRC1
RNA self-attention,4,,184,E2F2
RNA self-attention,4,,184,E2F6
RNA self-attention,4,,184,EFCAB7
RNA self-attention,4,,184,EGR4
RNA self-attention,4,,184,ENAH
RNA self-attention,4,,184,FAM131C
RNA self-attention,4,,184,FAM78B
RNA self-attention,4,,184,FCGR3B
RNA self-attention,4,,184,FCN3
RNA self-attention,4,,184,FSHR
RNA self-attention,4,,184,GDAP2
RNA self-attention,4,,184,GLMN
RNA self-attention,4,,184,GPR153
RNA self-attention,4,,184,GPR37L1
RNA self-attention,4,,184,HES2
RNA self-attention,4,,184,HIVEP3
RNA self-attention,4,,184,HMGN2
RNA self-attention,4,,184,HNRNPU
RNA self-attention,4,,184,HP1BP3
RNA self-attention,4,,184,HSPG2
RNA self-attention,4,,184,IBA57
RNA self-attention,4,,184,IFI6
RNA self-attention,4,,184,IGSF9
RNA self-attention,4,,184,IQCC
RNA self-attention,4,,184,ITGA10
RNA self-attention,4,,184,IVNS1ABP
RNA self-attention,4,,184,KAZN
RNA self-attention,4,,184,KIAA1614
RNA self-attention,4,,184,LCE3B
RNA self-attention,4,,184,LDLRAD1
RNA self-attention,4,,184,LMO4
RNA self-attention,4,,184,LRIF1
RNA self-attention,4,,184,LRRC42
RNA self-attention,4,,184,LRRC8C
RNA self-attention,4,,184,MAPKAPK2
RNA self-attention,4,,184,MATN1
RNA self-attention,4,,184,MOB3C
RNA self-attention,4,,184,MROH9
RNA self-attention,4,,184,MT1HL1
RNA self-attention,4,,184,MTF2
RNA self-attention,4,,184,MUL1
RNA self-attention,4,,184,NBPF20
RNA self-attention,4,,184,NCMAP
RNA self-attention,4,,184,NHLH1
RNA self-attention,4,,184,NID1
RNA self-attention,4,,184,NME7
RNA self-attention,4,,184,NOTO
RNA self-attention,4,,184,NR0B2
RNA self-attention,4,,184,NRXN1
RNA self-attention,4,,184,NT5C1B
RNA self-attention,4,,184,NVL
RNA self-attention,4,,184,OLFML3
RNA self-attention,4,,184,OMA1
RNA self-attention,4,,184,OPTC
RNA self-attention,4,,184,OR14A2
RNA self-attention,4,,184,OR2L5
RNA self-attention,4,,184,OR2M5
RNA self-attention,4,,184,OR2T12
RNA self-attention,4,,184,OR2T2
RNA self-attention,4,,184,PAIP2B
RNA self-attention,4,,184,PAPPA2
RNA self-attention,4,,184,PBXIP1
RNA self-attention,4,,184,PCGF1
RNA self-attention,4,,184,PCP4L1
RNA self-attention,4,,184,PDZK1
RNA self-attention,4,,184,PEX14
RNA self-attention,4,,184,PGM1
RNA self-attention,4,,184,PRAMEF2
RNA self-attention,4,,184,PRAMEF9
RNA self-attention,4,,184,PRDM16
RNA self-attention,4,,184,PRELP
RNA self-attention,4,,184,PRRX1
RNA self-attention,4,,184,PTAFR
RNA self-attention,4,,184,RAB42
RNA self-attention,4,,184,REG4
RNA self-attention,4,,184,RGS2
RNA self-attention,4,,184,RGS7
RNA self-attention,4,,184,RHOB
RNA self-attention,4,,184,RIMKLA
RNA self-attention,4,,184,RNF11
RNA self-attention,4,,184,RSBN1
RNA self-attention,4,,184,RWDD3
RNA self-attention,4,,184,RXFP4
RNA self-attention,4,,184,S100A9
RNA self-attention,4,,184,SASS6
RNA self-attention,4,,184,SERTAD2
RNA self-attention,4,,184,SIX3
RNA self-attention,4,,184,SLAMF6
RNA self-attention,4,,184,SLC41A1
RNA self-attention,4,,184,SNHG28
RNA self-attention,4,,184,SNIP1
RNA self-attention,4,,184,SPATA21
RNA self-attention,4,,184,SPRR2F
RNA self-attention,4,,184,SRD5A2
RNA self-attention,4,,184,SRSF10
RNA self-attention,4,,184,SRSF11
RNA self-attention,4,,184,SSU72
RNA self-attention,4,,184,TACR1
RNA self-attention,4,,184,TAF13
RNA self-attention,4,,184,TAF5L
RNA self-attention,4,,184,TAFA3
RNA self-attention,4,,184,TAS1R2
RNA self-attention,4,,184,TDRKH
RNA self-attention,4,,184,TEX261
RNA self-attention,4,,184,TFAP2E
RNA self-attention,4,,184,TMEM200B
RNA self-attention,4,,184,TMEM275
RNA self-attention,4,,184,TRAPPC12
RNA self-attention,4,,184,TRIM67
RNA self-attention,4,,184,TRMT13
RNA self-attention,4,,184,UBQLN4
RNA self-attention,4,,184,USF1
RNA self-attention,4,,184,USP48
RNA self-attention,4,,184,VAMP3
RNA self-attention,4,,184,WDPCP
RNA self-attention,4,,184,ZBTB7B
RNA self-attention,4,,184,ZFP69B
RNA self-attention,4,,184,ZMPSTE24
RNA self-attention,4,,184,ZNF436
RNA self-attention,4,,184,ZNF644
RNA self-attention,4,,184,ZNF648
RNA self-attention,4,,184,ZNF684
RNA self-attention,4,,184,ZNHIT6
RNA self-attention,4,,184,ZP4
DNA-RNA cross-attention,7,,457,ABCD3
DNA-RNA cross-attention,7,,457,ACADM
DNA-RNA cross-attention,7,,457,ACBD3
DNA-RNA cross-attention,7,,457,ACBD6
DNA-RNA cross-attention,7,,457,ACOT7
DNA-RNA cross-attention,7,,457,ACTL8
DNA-RNA cross-attention,7,,457,ACTR2
DNA-RNA cross-attention,7,,457,ADGRL2
DNA-RNA cross-attention,7,,457,AGBL4
DNA-RNA cross-attention,7,,457,AHDC1
DNA-RNA cross-attention,7,,457,AK2
DNA-RNA cross-attention,7,,457,AKIRIN1
DNA-RNA cross-attention,7,,457,AKR1A1
DNA-RNA cross-attention,7,,457,ALDH9A1
DNA-RNA cross-attention,7,,457,AMPD1
DNA-RNA cross-attention,7,,457,ANP32E
DNA-RNA cross-attention,7,,457,APCS
DNA-RNA cross-attention,7,,457,APH1A
DNA-RNA cross-attention,7,,457,ARF1
DNA-RNA cross-attention,7,,457,ARHGEF2
DNA-RNA cross-attention,7,,457,ARL8A
DNA-RNA cross-attention,7,,457,ARTN
DNA-RNA cross-attention,7,,457,ASXL2
DNA-RNA cross-attention,7,,457,ATAD2B
DNA-RNA cross-attention,7,,457,ATAD3A
DNA-RNA cross-attention,7,,457,ATG4C
DNA-RNA cross-attention,7,,457,ATP5IF1
DNA-RNA cross-attention,7,,457,ATP6V1G3
DNA-RNA cross-attention,7,,457,ATRAID
DNA-RNA cross-attention,7,,457,AUP1
DNA-RNA cross-attention,7,,457,B3GALNT2
DNA-RNA cross-attention,7,,457,B3GALT6
DNA-RNA cross-attention,7,,457,B4GALT2
DNA-RNA cross-attention,7,,457,BCL10
DNA-RNA cross-attention,7,,457,BEST4
DNA-RNA cross-attention,7,,457,BOLA3
DNA-RNA cross-attention,7,,457,BTF3L4
DNA-RNA cross-attention,7,,457,C1D
DNA-RNA cross-attention,7,,457,C1orf122
DNA-RNA cross-attention,7,,457,C4BPB
DNA-RNA cross-attention,7,,457,CAD
DNA-RNA cross-attention,7,,457,CAPZB
DNA-RNA cross-attention,7,,457,CATSPERE
DNA-RNA cross-attention,7,,457,CCDC18
DNA-RNA cross-attention,7,,457,CCNL2
DNA-RNA cross-attention,7,,457,CCT3
DNA-RNA cross-attention,7,,457,CD46
DNA-RNA cross-attention,7,,457,CD48
DNA-RNA cross-attention,7,,457,CD52
DNA-RNA cross-attention,7,,457,CD53
DNA-RNA cross-attention,7,,457,CD55
DNA-RNA cross-attention,7,,457,CD84
DNA-RNA cross-attention,7,,457,CDCA8
DNA-RNA cross-attention,7,,457,CDK18
DNA-RNA cross-attention,7,,457,CDKN2C
DNA-RNA cross-attention,7,,457,CEBPZ
DNA-RNA cross-attention,7,,457,CELA3A
DNA-RNA cross-attention,7,,457,CENPA
DNA-RNA cross-attention,7,,457,CENPF
DNA-RNA cross-attention,7,,457,CEP104
DNA-RNA cross-attention,7,,457,CEP85
DNA-RNA cross-attention,7,,457,CERS2
DNA-RNA cross-attention,7,,457,CFAP36
DNA-RNA cross-attention,7,,457,CHD5
DNA-RNA cross-attention,7,,457,CHIT1
DNA-RNA cross-attention,7,,457,CHML
DNA-RNA cross-attention,7,,457,CHRNB2
DNA-RNA cross-attention,7,,457,CHTOP
DNA-RNA cross-attention,7,,457,CKS1B
DNA-RNA cross-attention,7,,457,CLCA1
DNA-RNA cross-attention,7,,457,CLSPN
DNA-RNA cross-attention,7,,457,CNIH4
DNA-RNA cross-attention,7,,457,CNST
DNA-RNA cross-attention,7,,457,COA6
DNA-RNA cross-attention,7,,457,COA7
DNA-RNA cross-attention,7,,457,COLGALT2
DNA-RNA cross-attention,7,,457,COP1
DNA-RNA cross-attention,7,,457,COPA
DNA-RNA cross-attention,7,,457,COQ8A
DNA-RNA cross-attention,7,,457,COX7A2L
DNA-RNA cross-attention,7,,457,CPSF3
DNA-RNA cross-attention,7,,457,CR2
DNA-RNA cross-attention,7,,457,CRP
DNA-RNA cross-attention,7,,457,CRTC2
DNA-RNA cross-attention,7,,457,CRYZ
DNA-RNA cross-attention,7,,457,CSDE1
DNA-RNA cross-attention,7,,457,CSF1
DNA-RNA cross-attention,7,,457,CSMD2
DNA-RNA cross-attention,7,,457,CTBS
DNA-RNA cross-attention,7,,457,CTNNA2
DNA-RNA cross-attention,7,,457,CTPS1
DNA-RNA cross-attention,7,,457,CTSE
DNA-RNA cross-attention,7,,457,CYP26B1
DNA-RNA cross-attention,7,,457,CYP4B1
DNA-RNA cross-attention,7,,457,CYP4X1
DNA-RNA cross-attention,7,,457,DAP3
DNA-RNA cross-attention,7,,457,DCAF8
DNA-RNA cross-attention,7,,457,DDI2
DNA-RNA cross-attention,7,,457,DDX20
DNA-RNA cross-attention,7,,457,DEGS1
DNA-RNA cross-attention,7,,457,DGUOK
DNA-RNA cross-attention,7,,457,DHX9
DNA-RNA cross-attention,7,,457,DISP3
DNA-RNA cross-attention,7,,457,DNAJB4
DNA-RNA cross-attention,7,,457,DNTTIP2
DNA-RNA cross-attention,7,,457,DRAM2
DNA-RNA cross-attention,7,,457,DTL
DNA-RNA cross-attention,7,,457,DUSP23
DNA-RNA cross-attention,7,,457,EDN2
DNA-RNA cross-attention,7,,457,EFEMP1
DNA-RNA cross-attention,7,,457,EGLN1
DNA-RNA cross-attention,7,,457,EIF2AK2
DNA-RNA cross-attention,7,,457,ELOA
DNA-RNA cross-attention,7,,457,ELOVL1
DNA-RNA cross-attention,7,,457,EML4
DNA-RNA cross-attention,7,,457,EMX1
DNA-RNA cross-attention,7,,457,EPCAM
DNA-RNA cross-attention,7,,457,EPS15
DNA-RNA cross-attention,7,,457,ERICH3
DNA-RNA cross-attention,7,,457,ERMAP
DNA-RNA cross-attention,7,,457,ERRFI1
DNA-RNA cross-attention,7,,457,ETNK2
DNA-RNA cross-attention,7,,457,ETV3
DNA-RNA cross-attention,7,,457,EXTL2
DNA-RNA cross-attention,7,,457,FAAH
DNA-RNA cross-attention,7,,457,FAF1
DNA-RNA cross-attention,7,,457,FAM177B
DNA-RNA cross-attention,7,,457,FAM229A
DNA-RNA cross-attention,7,,457,FAM89A
DNA-RNA cross-attention,7,,457,FANCL
DNA-RNA cross-attention,7,,457,FBXO11
DNA-RNA cross-attention,7,,457,FBXO28
DNA-RNA cross-attention,7,,457,FBXO42
DNA-RNA cross-attention,7,,457,FCGR2A
DNA-RNA cross-attention,7,,457,FCGR3A
DNA-RNA cross-attention,7,,457,FEZ2
DNA-RNA cross-attention,7,,457,FGGY
DNA-RNA cross-attention,7,,457,FLAD1
DNA-RNA cross-attention,7,,457,FLG2
DNA-RNA cross-attention,7,,457,FLVCR1-DT
DNA-RNA cross-attention,7,,457,FOXD2
DNA-RNA cross-attention,7,,457,FOXN2
DNA-RNA cross-attention,7,,457,FUBP1
DNA-RNA cross-attention,7,,457,GALM
DNA-RNA cross-attention,7,,457,GCLM
DNA-RNA cross-attention,7,,457,GEMIN6
DNA-RNA cross-attention,7,,457,GEN1
DNA-RNA cross-attention,7,,457,GFI1B
DNA-RNA cross-attention,7,,457,GJA5
DNA-RNA cross-attention,7,,457,GKN2
DNA-RNA cross-attention,7,,457,GLIS1
DNA-RNA cross-attention,7,,457,GLUL
DNA-RNA cross-attention,7,,457,GNG12
DNA-RNA cross-attention,7,,457,GNG5
DNA-RNA cross-attention,7,,457,GNL2
DNA-RNA cross-attention,7,,457,GPATCH11
DNA-RNA cross-attention,7,,457,GPATCH4
DNA-RNA cross-attention,7,,457,GPN2
DNA-RNA cross-attention,7,,457,GPR61
DNA-RNA cross-attention,7,,457,GPSM2
DNA-RNA cross-attention,7,,457,GREB1
DNA-RNA cross-attention,7,,457,GRIK3
DNA-RNA cross-attention,7,,457,GTF2B
DNA-RNA cross-attention,7,,457,HADHA
DNA-RNA cross-attention,7,,457,HEATR1
DNA-RNA cross-attention,7,,457,HK2
DNA-RNA cross-attention,7,,457,HMCN1
DNA-RNA cross-attention,7,,457,HMGB4
DNA-RNA cross-attention,7,,457,HNRNPLL
DNA-RNA cross-attention,7,,457,HS2ST1
DNA-RNA cross-attention,7,,457,HSD3B2
DNA-RNA cross-attention,7,,457,IARS2
DNA-RNA cross-attention,7,,457,IER5
DNA-RNA cross-attention,7,,457,IFI16
DNA-RNA cross-attention,7,,457,IGSF8
DNA-RNA cross-attention,7,,457,IL20
DNA-RNA cross-attention,7,,457,IL23R
DNA-RNA cross-attention,7,,457,IL6R
DNA-RNA cross-attention,7,,457,ILDR2
DNA-RNA cross-attention,7,,457,INSRR
DNA-RNA cross-attention,7,,457,IQCC
DNA-RNA cross-attention,7,,457,ITGB3BP
DNA-RNA cross-attention,7,,457,ITLN2
DNA-RNA cross-attention,7,,457,ITSN2
DNA-RNA cross-attention,7,,457,JTB
DNA-RNA cross-attention,7,,457,JUN
DNA-RNA cross-attention,7,,457,KAZN
DNA-RNA cross-attention,7,,457,KCMF1
DNA-RNA cross-attention,7,,457,KCNK1
DNA-RNA cross-attention,7,,457,KDM5B
DNA-RNA cross-attention,7,,457,KHDC4
DNA-RNA cross-attention,7,,457,KHDRBS1
DNA-RNA cross-attention,7,,457,KIAA0319L
DNA-RNA cross-attention,7,,457,KIDINS220
DNA-RNA cross-attention,7,,457,KIF14
DNA-RNA cross-attention,7,,457,KIF1B
DNA-RNA cross-attention,7,,457,KIF3C
DNA-RNA cross-attention,7,,457,KIRREL1
DNA-RNA cross-attention,7,,457,KISS1
DNA-RNA cross-attention,7,,457,KLF11
DNA-RNA cross-attention,7,,457,KLHL21
DNA-RNA cross-attention,7,,457,KMO
DNA-RNA cross-attention,7,,457,KNCN
DNA-RNA cross-attention,7,,457,KRTCAP2
DNA-RNA cross-attention,7,,457,LAMTOR2
DNA-RNA cross-attention,7,,457,LAMTOR5
DNA-RNA cross-attention,7,,457,LCE1A
DNA-RNA cross-attention,7,,457,LIN28A
DNA-RNA cross-attention,7,,457,LINC00303
DNA-RNA cross-attention,7,,457,LINC01555
DNA-RNA cross-attention,7,,457,LMOD1
DNA-RNA cross-attention,7,,457,LRPPRC
DNA-RNA cross-attention,7,,457,LRRC40
DNA-RNA cross-attention,7,,457,LRRTM4
DNA-RNA cross-attention,7,,457,LTBP1
DNA-RNA cross-attention,7,,457,LYPD8
DNA-RNA cross-attention,7,,457,LYPLA2
DNA-RNA cross-attention,7,,457,MAN1A2
DNA-RNA cross-attention,7,,457,MAP4K3
DNA-RNA cross-attention,7,,457,MAP7D1
DNA-RNA cross-attention,7,,457,MARCKSL1
DNA-RNA cross-attention,7,,457,MBOAT2
DNA-RNA cross-attention,7,,457,MCFD2
DNA-RNA cross-attention,7,,457,MCL1
DNA-RNA cross-attention,7,,457,MDH1
DNA-RNA cross-attention,7,,457,MDM4
DNA-RNA cross-attention,7,,457,MDS2
DNA-RNA cross-attention,7,,457,MFN2
DNA-RNA cross-attention,7,,457,MFSD14A
DNA-RNA cross-attention,7,,457,MFSD4A
DNA-RNA cross-attention,7,,457,MGST3
DNA-RNA cross-attention,7,,457,MIA3
DNA-RNA cross-attention,7,,457,MICOS10
DNA-RNA cross-attention,7,,457,MOGS
DNA-RNA cross-attention,7,,457,MOV10
DNA-RNA cross-attention,7,,457,MPHOSPH10
DNA-RNA cross-attention,7,,457,MPV17
DNA-RNA cross-attention,7,,457,MRPL37
DNA-RNA cross-attention,7,,457,MRPL9
DNA-RNA cross-attention,7,,457,MSH6
DNA-RNA cross-attention,7,,457,MTA3
DNA-RNA cross-attention,7,,457,MTFR1L
DNA-RNA cross-attention,7,,457,MTHFR
DNA-RNA cross-attention,7,,457,MTOR
DNA-RNA cross-attention,7,,457,MTX1
DNA-RNA cross-attention,7,,457,MYCBP
DNA-RNA cross-attention,7,,457,MYSM1
DNA-RNA cross-attention,7,,457,NBPF14
DNA-RNA cross-attention,7,,457,NCSTN
DNA-RNA cross-attention,7,,457,NDUFS2
DNA-RNA cross-attention,7,,457,NECAP2
DNA-RNA cross-attention,7,,457,NEK2
DNA-RNA cross-attention,7,,457,NFIA
DNA-RNA cross-attention,7,,457,NFYC
DNA-RNA cross-attention,7,,457,NGF
DNA-RNA cross-attention,7,,457,NIBAN1
DNA-RNA cross-attention,7,,457,NIT1
DNA-RNA cross-attention,7,,457,NOL10
DNA-RNA cross-attention,7,,457,NOTCH2NLB
DNA-RNA cross-attention,7,,457,NPPA
DNA-RNA cross-attention,7,,457,NRAS
DNA-RNA cross-attention,7,,457,NRBP1
DNA-RNA cross-attention,7,,457,NRDC
DNA-RNA cross-attention,7,,457,NSL1
DNA-RNA cross-attention,7,,457,NSUN4
DNA-RNA cross-attention,7,,457,NUDC
DNA-RNA cross-attention,7,,457,NUF2
DNA-RNA cross-attention,7,,457,ODC1
DNA-RNA cross-attention,7,,457,OPN3
DNA-RNA cross-attention,7,,457,OR10J5
DNA-RNA cross-attention,7,,457,OR10K2
DNA-RNA cross-attention,7,,457,OR10Z1
DNA-RNA cross-attention,7,,457,OR14A16
DNA-RNA cross-attention,7,,457,OR2G2
DNA-RNA cross-attention,7,,457,OR2L3
DNA-RNA cross-attention,7,,457,OR2T11
DNA-RNA cross-attention,7,,457,OSBPL9
DNA-RNA cross-attention,7,,457,P3H1
DNA-RNA cross-attention,7,,457,P3R3URF
DNA-RNA cross-attention,7,,457,PAQR7
DNA-RNA cross-attention,7,,457,PARK7
DNA-RNA cross-attention,7,,457,PBX1
DNA-RNA cross-attention,7,,457,PDC
DNA-RNA cross-attention,7,,457,PDE4DIP
DNA-RNA cross-attention,7,,457,PEA15
DNA-RNA cross-attention,7,,457,PEF1
DNA-RNA cross-attention,7,,457,PFN4
DNA-RNA cross-attention,7,,457,PGD
DNA-RNA cross-attention,7,,457,PIGC
DNA-RNA cross-attention,7,,457,PINK1
DNA-RNA cross-attention,7,,457,PLA2G2F
DNA-RNA cross-attention,7,,457,PLEK
DNA-RNA cross-attention,7,,457,PLEKHG5
DNA-RNA cross-attention,7,,457,PNO1
DNA-RNA cross-attention,7,,457,POLR3C
DNA-RNA cross-attention,7,,457,POLR3GL
DNA-RNA cross-attention,7,,457,PPM1G
DNA-RNA cross-attention,7,,457,PPP1CB
DNA-RNA cross-attention,7,,457,PPP2R5A
DNA-RNA cross-attention,7,,457,PRAMEF13
DNA-RNA cross-attention,7,,457,PRAMEF18
DNA-RNA cross-attention,7,,457,PRAMEF26
DNA-RNA cross-attention,7,,457,PRAMEF8
DNA-RNA cross-attention,7,,457,PRKCE
DNA-RNA cross-attention,7,,457,PRKCZ
DNA-RNA cross-attention,7,,457,PRPF38A
DNA-RNA cross-attention,7,,457,PSMD4
DNA-RNA cross-attention,7,,457,PTRHD1
DNA-RNA cross-attention,7,,457,PUSL1
DNA-RNA cross-attention,7,,457,RAB10
DNA-RNA cross-attention,7,,457,RAB13
DNA-RNA cross-attention,7,,457,RAB29
DNA-RNA cross-attention,7,,457,RAB3GAP2
DNA-RNA cross-attention,7,,457,RABGAP1L
DNA-RNA cross-attention,7,,457,RABIF
DNA-RNA cross-attention,7,,457,RAP1GAP
DNA-RNA cross-attention,7,,457,RCSD1
DNA-RNA cross-attention,7,,457,RER1
DNA-RNA cross-attention,7,,457,RERE
DNA-RNA cross-attention,7,,457,RGS16
DNA-RNA cross-attention,7,,457,RGS18
DNA-RNA cross-attention,7,,457,RGS21
DNA-RNA cross-attention,7,,457,RGS4
DNA-RNA cross-attention,7,,457,RHCE
DNA-RNA cross-attention,7,,457,RHD
DNA-RNA cross-attention,7,,457,RHOQ
DNA-RNA cross-attention,7,,457,RLF
DNA-RNA cross-attention,7,,457,RNF144A
DNA-RNA cross-attention,7,,457,RNF187
DNA-RNA cross-attention,7,,457,RNF223
DNA-RNA cross-attention,7,,457,RNPEP
DNA-RNA cross-attention,7,,457,ROCK2
DNA-RNA cross-attention,7,,457,RPF1
DNA-RNA cross-attention,7,,457,RRAGC
DNA-RNA cross-attention,7,,457,RRM2
DNA-RNA cross-attention,7,,457,RRP15
DNA-RNA cross-attention,7,,457,RTCA
DNA-RNA cross-attention,7,,457,S100A1
DNA-RNA cross-attention,7,,457,S100A6
DNA-RNA cross-attention,7,,457,S100A7A
DNA-RNA cross-attention,7,,457,S100A8
DNA-RNA cross-attention,7,,457,SASS6
DNA-RNA cross-attention,7,,457,SCAMP3
DNA-RNA cross-attention,7,,457,SCCPDH
DNA-RNA cross-attention,7,,457,SDC1
DNA-RNA cross-attention,7,,457,SDC3
DNA-RNA cross-attention,7,,457,SDCCAG8
DNA-RNA cross-attention,7,,457,SDHB
DNA-RNA cross-attention,7,,457,SDHC
DNA-RNA cross-attention,7,,457,SELE
DNA-RNA cross-attention,7,,457,SELENOF
DNA-RNA cross-attention,7,,457,SELENOI
DNA-RNA cross-attention,7,,457,SELENON
DNA-RNA cross-attention,7,,457,SELP
DNA-RNA cross-attention,7,,457,SERBP1
DNA-RNA cross-attention,7,,457,SF3B6
DNA-RNA cross-attention,7,,457,SGIP1
DNA-RNA cross-attention,7,,457,SH2D2A
DNA-RNA cross-attention,7,,457,SHE
DNA-RNA cross-attention,7,,457,SIKE1
DNA-RNA cross-attention,7,,457,SIPA1L2
DNA-RNA cross-attention,7,,457,SKI
DNA-RNA cross-attention,7,,457,SLAMF7
DNA-RNA cross-attention,7,,457,SLC25A24
DNA-RNA cross-attention,7,,457,SLC2A1
DNA-RNA cross-attention,7,,457,SLC30A1
DNA-RNA cross-attention,7,,457,SLC30A6
DNA-RNA cross-attention,7,,457,SLC35A3
DNA-RNA cross-attention,7,,457,SLC35F3
DNA-RNA cross-attention,7,,457,SLC39A1
DNA-RNA cross-attention,7,,457,SLC44A5
DNA-RNA cross-attention,7,,457,SLC4A1AP
DNA-RNA cross-attention,7,,457,SLC50A1
DNA-RNA cross-attention,7,,457,SMC6
DNA-RNA cross-attention,7,,457,SPATA45
DNA-RNA cross-attention,7,,457,SPATA6
DNA-RNA cross-attention,7,,457,SPDYA
DNA-RNA cross-attention,7,,457,SPRED2
DNA-RNA cross-attention,7,,457,SPRR1B
DNA-RNA cross-attention,7,,457,SPRR2A
DNA-RNA cross-attention,7,,457,SPRR2G
DNA-RNA cross-attention,7,,457,SPRTN
DNA-RNA cross-attention,7,,457,SRGAP2C
DNA-RNA cross-attention,7,,457,SRM
DNA-RNA cross-attention,7,,457,SRP9
DNA-RNA cross-attention,7,,457,SRRM1
DNA-RNA cross-attention,7,,457,SSX2IP
DNA-RNA cross-attention,7,,457,STAMBP
DNA-RNA cross-attention,7,,457,STMN1
DNA-RNA cross-attention,7,,457,STX12
DNA-RNA cross-attention,7,,457,SUCO
DNA-RNA cross-attention,7,,457,SUPT7L
DNA-RNA cross-attention,7,,457,SVBP
DNA-RNA cross-attention,7,,457,SZT2
DNA-RNA cross-attention,7,,457,TAGLN2
DNA-RNA cross-attention,7,,457,TARDBP
DNA-RNA cross-attention,7,,457,TCF7L1
DNA-RNA cross-attention,7,,457,TET3
DNA-RNA cross-attention,7,,457,TFB2M
DNA-RNA cross-attention,7,,457,TGFA
DNA-RNA cross-attention,7,,457,THEMIS2
DNA-RNA cross-attention,7,,457,TIMM17A
DNA-RNA cross-attention,7,,457,TIPRL
DNA-RNA cross-attention,7,,457,TM2D1
DNA-RNA cross-attention,7,,457,TMEM183A
DNA-RNA cross-attention,7,,457,TMEM201
DNA-RNA cross-attention,7,,457,TMEM39B
DNA-RNA cross-attention,7,,457,TMEM54
DNA-RNA cross-attention,7,,457,TMEM59
DNA-RNA cross-attention,7,,457,TMEM79
DNA-RNA cross-attention,7,,457,TMEM81
DNA-RNA cross-attention,7,,457,TMEM9
DNA-RNA cross-attention,7,,457,TMOD4
DNA-RNA cross-attention,7,,457,TNFRSF8
DNA-RNA cross-attention,7,,457,TNFRSF9
DNA-RNA cross-attention,7,,457,TRIM11
DNA-RNA cross-attention,7,,457,TRNP1
DNA-RNA cross-attention,7,,457,TSNAX
DNA-RNA cross-attention,7,,457,TSTD1
DNA-RNA cross-attention,7,,457,TTC22
DNA-RNA cross-attention,7,,457,TTC27
DNA-RNA cross-attention,7,,457,TTC4
DNA-RNA cross-attention,7,,457,TYW3
DNA-RNA cross-attention,7,,457,UBE2J2
DNA-RNA cross-attention,7,,457,UBE2T
DNA-RNA cross-attention,7,,457,UBL4B
DNA-RNA cross-attention,7,,457,UCK2
DNA-RNA cross-attention,7,,457,UFC1
DNA-RNA cross-attention,7,,457,UGP2
DNA-RNA cross-attention,7,,457,USP1
DNA-RNA cross-attention,7,,457,USP21
DNA-RNA cross-attention,7,,457,USP24
DNA-RNA cross-attention,7,,457,USP33
DNA-RNA cross-attention,7,,457,USP34
DNA-RNA cross-attention,7,,457,UTP11
DNA-RNA cross-attention,7,,457,VASH2
DNA-RNA cross-attention,7,,457,VHLL
DNA-RNA cross-attention,7,,457,VPS45
DNA-RNA cross-attention,7,,457,VPS72
DNA-RNA cross-attention,7,,457,VRK2
DNA-RNA cross-attention,7,,457,WDCP
DNA-RNA cross-attention,7,,457,WDR26
DNA-RNA cross-attention,7,,457,WNT3A
DNA-RNA cross-attention,7,,457,WRAP73
DNA-RNA cross-attention,7,,457,XPR1
DNA-RNA cross-attention,7,,457,YPEL5
DNA-RNA cross-attention,7,,457,YRDC
DNA-RNA cross-attention,7,,457,ZBTB18
DNA-RNA cross-attention,7,,457,ZBTB37
DNA-RNA cross-attention,7,,457,ZBTB8OS
DNA-RNA cross-attention,7,,457,ZCCHC17
DNA-RNA cross-attention,7,,457,ZMYND12
DNA-RNA cross-attention,7,,457,ZNF124
DNA-RNA cross-attention,7,,457,ZNF670
DNA-RNA cross-attention,7,,457,ZNF697
DNA-RNA cross-attention,7,,457,ZNHIT6
DNA-RNA cross-attention,7,,457,ZRANB2
DNA-RNA cross-attention,6,,419,ACOT11
DNA-RNA cross-attention,6,,419,ACP1
DNA-RNA cross-attention,6,,419,ACTN2
DNA-RNA cross-attention,6,,419,ADCY10
DNA-RNA cross-attention,6,,419,ADIPOR1
DNA-RNA cross-attention,6,,419,ADORA1
DNA-RNA cross-attention,6,,419,AGL
DNA-RNA cross-attention,6,,419,AGO3
DNA-RNA cross-attention,6,,419,AGTRAP
DNA-RNA cross-attention,6,,419,AHCYL1
DNA-RNA cross-attention,6,,419,AMY1B
DNA-RNA cross-attention,6,,419,ANTXR1
DNA-RNA cross-attention,6,,419,ANXA4
DNA-RNA cross-attention,6,,419,ARHGAP30
DNA-RNA cross-attention,6,,419,ARHGEF16
DNA-RNA cross-attention,6,,419,ARNT
DNA-RNA cross-attention,6,,419,ASPRV1
DNA-RNA cross-attention,6,,419,ATAD3C
DNA-RNA cross-attention,6,,419,ATL2
DNA-RNA cross-attention,6,,419,ATP1A2
DNA-RNA cross-attention,6,,419,B3GNT2
DNA-RNA cross-attention,6,,419,BARHL2
DNA-RNA cross-attention,6,,419,BMP8A
DNA-RNA cross-attention,6,,419,BMP8B
DNA-RNA cross-attention,6,,419,BROX
DNA-RNA cross-attention,6,,419,BSDC1
DNA-RNA cross-attention,6,,419,BTBD19
DNA-RNA cross-attention,6,,419,C1QB
DNA-RNA cross-attention,6,,419,C1QC
DNA-RNA cross-attention,6,,419,C1QTNF12
DNA-RNA cross-attention,6,,419,C1orf167
DNA-RNA cross-attention,6,,419,C1orf21
DNA-RNA cross-attention,6,,419,C1orf232
DNA-RNA cross-attention,6,,419,C1orf50
DNA-RNA cross-attention,6,,419,C2orf74
DNA-RNA cross-attention,6,,419,C2orf81
DNA-RNA cross-attention,6,,419,CA14
DNA-RNA cross-attention,6,,419,CAMKMT
DNA-RNA cross-attention,6,,419,CAMSAP2
DNA-RNA cross-attention,6,,419,CAPN14
DNA-RNA cross-attention,6,,419,CASZ1
DNA-RNA cross-attention,6,,419,CD101
DNA-RNA cross-attention,6,,419,CD2
DNA-RNA cross-attention,6,,419,CD247
DNA-RNA cross-attention,6,,419,CD5L
DNA-RNA cross-attention,6,,419,CDC14A
DNA-RNA cross-attention,6,,419,CDC20
DNA-RNA cross-attention,6,,419,CDC42
DNA-RNA cross-attention,6,,419,CDC7
DNA-RNA cross-attention,6,,419,CELA2B
DNA-RNA cross-attention,6,,419,CELA3B
DNA-RNA cross-attention,6,,419,CFHR4
DNA-RNA cross-attention,6,,419,CHD1L
DNA-RNA cross-attention,6,,419,CHI3L1
DNA-RNA cross-attention,6,,419,CIART
DNA-RNA cross-attention,6,,419,CIB4
DNA-RNA cross-attention,6,,419,CITED4
DNA-RNA cross-attention,6,,419,CLCA4
DNA-RNA cross-attention,6,,419,CLCNKA
DNA-RNA cross-attention,6,,419,CLCNKB
DNA-RNA cross-attention,6,,419,COG2
DNA-RNA cross-attention,6,,419,COLEC11
DNA-RNA cross-attention,6,,419,COX20
DNA-RNA cross-attention,6,,419,CR1L
DNA-RNA cross-attention,6,,419,CRB1
DNA-RNA cross-attention,6,,419,CREB3L4
DNA-RNA cross-attention,6,,419,CROCC
DNA-RNA cross-attention,6,,419,CRYBG2
DNA-RNA cross-attention,6,,419,CTNNBIP1
DNA-RNA cross-attention,6,,419,CTXND2
DNA-RNA cross-attention,6,,419,CYP4A22
DNA-RNA cross-attention,6,,419,DAB1
DNA-RNA cross-attention,6,,419,DCDC2B
DNA-RNA cross-attention,6,,419,DDOST
DNA-RNA cross-attention,6,,419,DFFB
DNA-RNA cross-attention,6,,419,DHRS3
DNA-RNA cross-attention,6,,419,DIRAS3
DNA-RNA cross-attention,6,,419,DISC1
DNA-RNA cross-attention,6,,419,DLGAP3
DNA-RNA cross-attention,6,,419,DNASE2B
DNA-RNA cross-attention,6,,419,DPH2
DNA-RNA cross-attention,6,,419,DPYSL5
DNA-RNA cross-attention,6,,419,DR1
DNA-RNA cross-attention,6,,419,DUSP12
DNA-RNA cross-attention,6,,419,DYSF
DNA-RNA cross-attention,6,,419,ECHDC2
DNA-RNA cross-attention,6,,419,ECM1
DNA-RNA cross-attention,6,,419,EFCAB2
DNA-RNA cross-attention,6,,419,EHBP1
DNA-RNA cross-attention,6,,419,EIF3I
DNA-RNA cross-attention,6,,419,ENSA
DNA-RNA cross-attention,6,,419,EPB41
DNA-RNA cross-attention,6,,419,EPHX1
DNA-RNA cross-attention,6,,419,ERI3
DNA-RNA cross-attention,6,,419,ESRRG
DNA-RNA cross-attention,6,,419,EXO5
DNA-RNA cross-attention,6,,419,EXOC6B
DNA-RNA cross-attention,6,,419,FABP3
DNA-RNA cross-attention,6,,419,FAM136A
DNA-RNA cross-attention,6,,419,FAM163A
DNA-RNA cross-attention,6,,419,FAM167B
DNA-RNA cross-attention,6,,419,FAM20B
DNA-RNA cross-attention,6,,419,FAM228A
DNA-RNA cross-attention,6,,419,FAM98A
DNA-RNA cross-attention,6,,419,FASLG
DNA-RNA cross-attention,6,,419,FBXO2
DNA-RNA cross-attention,6,,419,FBXO41
DNA-RNA cross-attention,6,,419,FCAMR
DNA-RNA cross-attention,6,,419,FDPS
DNA-RNA cross-attention,6,,419,FMO3
DNA-RNA cross-attention,6,,419,FNDC10
DNA-RNA cross-attention,6,,419,FOSL2
DNA-RNA cross-attention,6,,419,FPGT
DNA-RNA cross-attention,6,,419,FYB2
DNA-RNA cross-attention,6,,419,G0S2
DNA-RNA cross-attention,6,,419,GBP5
DNA-RNA cross-attention,6,,419,GCFC2
DNA-RNA cross-attention,6,,419,GCKR
DNA-RNA cross-attention,6,,419,GDAP2
DNA-RNA cross-attention,6,,419,GDF7
DNA-RNA cross-attention,6,,419,GGPS1
DNA-RNA cross-attention,6,,419,GIPC2
DNA-RNA cross-attention,6,,419,GJA8
DNA-RNA cross-attention,6,,419,GJB3
DNA-RNA cross-attention,6,,419,GJC2
DNA-RNA cross-attention,6,,419,GKN1
DNA-RNA cross-attention,6,,419,GLRX2
DNA-RNA cross-attention,6,,419,GMCL1
DNA-RNA cross-attention,6,,419,GNAI3
DNA-RNA cross-attention,6,,419,GNAT2
DNA-RNA cross-attention,6,,419,GNPAT
DNA-RNA cross-attention,6,,419,GOLT1A
DNA-RNA cross-attention,6,,419,GORAB
DNA-RNA cross-attention,6,,419,GPN1
DNA-RNA cross-attention,6,,419,GPR153
DNA-RNA cross-attention,6,,419,GPR52
DNA-RNA cross-attention,6,,419,GTF2A1L
DNA-RNA cross-attention,6,,419,GUCA2A
DNA-RNA cross-attention,6,,419,GUCA2B
DNA-RNA cross-attention,6,,419,HAO2
DNA-RNA cross-attention,6,,419,HAPLN2
DNA-RNA cross-attention,6,,419,HES3
DNA-RNA cross-attention,6,,419,HES5
DNA-RNA cross-attention,6,,419,HJV
DNA-RNA cross-attention,6,,419,HMGCS2
DNA-RNA cross-attention,6,,419,HMGN2
DNA-RNA cross-attention,6,,419,HPCAL1
DNA-RNA cross-attention,6,,419,HS1BP3
DNA-RNA cross-attention,6,,419,HSD11B1
DNA-RNA cross-attention,6,,419,HSPB7
DNA-RNA cross-attention,6,,419,HTR6
DNA-RNA cross-attention,6,,419,IFI44
DNA-RNA cross-attention,6,,419,IFI44L
DNA-RNA cross-attention,6,,419,IL10
DNA-RNA cross-attention,6,,419,INAVA
DNA-RNA cross-attention,6,,419,ISG20L2
DNA-RNA cross-attention,6,,419,ITGB1BP1
DNA-RNA cross-attention,6,,419,IVL
DNA-RNA cross-attention,6,,419,JAK1
DNA-RNA cross-attention,6,,419,KCNC4
DNA-RNA cross-attention,6,,419,KCND3
DNA-RNA cross-attention,6,,419,KCNJ9
DNA-RNA cross-attention,6,,419,KCNQ4
DNA-RNA cross-attention,6,,419,KIFAP3
DNA-RNA cross-attention,6,,419,KLF18
DNA-RNA cross-attention,6,,419,KLHL12
DNA-RNA cross-attention,6,,419,KRTCAP3
DNA-RNA cross-attention,6,,419,KYAT3
DNA-RNA cross-attention,6,,419,L1TD1
DNA-RNA cross-attention,6,,419,LAX1
DNA-RNA cross-attention,6,,419,LCE1C
DNA-RNA cross-attention,6,,419,LCE1F
DNA-RNA cross-attention,6,,419,LCE2A
DNA-RNA cross-attention,6,,419,LCE2D
DNA-RNA cross-attention,6,,419,LCE5A
DNA-RNA cross-attention,6,,419,LCK
DNA-RNA cross-attention,6,,419,LDAH
DNA-RNA cross-attention,6,,419,LDLRAD1
DNA-RNA cross-attention,6,,419,LEFTY1
DNA-RNA cross-attention,6,,419,LEFTY2
DNA-RNA cross-attention,6,,419,LENEP
DNA-RNA cross-attention,6,,419,LEPR
DNA-RNA cross-attention,6,,419,LHCGR
DNA-RNA cross-attention,6,,419,LHX9
DNA-RNA cross-attention,6,,419,LINC01356
DNA-RNA cross-attention,6,,419,LMO4
DNA-RNA cross-attention,6,,419,LMX1A
DNA-RNA cross-attention,6,,419,LRRC41
DNA-RNA cross-attention,6,,419,LRRC42
DNA-RNA cross-attention,6,,419,LRRC71
DNA-RNA cross-attention,6,,419,LSM10
DNA-RNA cross-attention,6,,419,LY9
DNA-RNA cross-attention,6,,419,MCOLN2
DNA-RNA cross-attention,6,,419,MFSD2A
DNA-RNA cross-attention,6,,419,MFSD2B
DNA-RNA cross-attention,6,,419,MIER1
DNA-RNA cross-attention,6,,419,MIXL1
DNA-RNA cross-attention,6,,419,MMEL1
DNA-RNA cross-attention,6,,419,MPC2
DNA-RNA cross-attention,6,,419,MRPL19
DNA-RNA cross-attention,6,,419,MRPL53
DNA-RNA cross-attention,6,,419,MRPL55
DNA-RNA cross-attention,6,,419,MRPS21
DNA-RNA cross-attention,6,,419,MRTO4
DNA-RNA cross-attention,6,,419,MSH2
DNA-RNA cross-attention,6,,419,MSTO1
DNA-RNA cross-attention,6,,419,MT1HL1
DNA-RNA cross-attention,6,,419,MTR
DNA-RNA cross-attention,6,,419,MUL1
DNA-RNA cross-attention,6,,419,MYBPHL
DNA-RNA cross-attention,6,,419,MYCN
DNA-RNA cross-attention,6,,419,MYOCOS
DNA-RNA cross-attention,6,,419,NBAS
DNA-RNA cross-attention,6,,419,NBPF10
DNA-RNA cross-attention,6,,419,NBPF11
DNA-RNA cross-attention,6,,419,NBPF6
DNA-RNA cross-attention,6,,419,NECTIN4
DNA-RNA cross-attention,6,,419,NES
DNA-RNA cross-attention,6,,419,NEXN
DNA-RNA cross-attention,6,,419,NLRC4
DNA-RNA cross-attention,6,,419,NLRP3
DNA-RNA cross-attention,6,,419,NOS1AP
DNA-RNA cross-attention,6,,419,NPR1
DNA-RNA cross-attention,6,,419,NR1I3
DNA-RNA cross-attention,6,,419,NR5A2
DNA-RNA cross-attention,6,,419,NT5C1A
DNA-RNA cross-attention,6,,419,NTPCR
DNA-RNA cross-attention,6,,419,NTSR2
DNA-RNA cross-attention,6,,419,NUP210L
DNA-RNA cross-attention,6,,419,NVL
DNA-RNA cross-attention,6,,419,OAZ3
DNA-RNA cross-attention,6,,419,ODF2L
DNA-RNA cross-attention,6,,419,OMA1
DNA-RNA cross-attention,6,,419,OPRD1
DNA-RNA cross-attention,6,,419,OR10J1
DNA-RNA cross-attention,6,,419,OR10X1
DNA-RNA cross-attention,6,,419,OR11L1
DNA-RNA cross-attention,6,,419,OR2AJ1
DNA-RNA cross-attention,6,,419,OR2AK2
DNA-RNA cross-attention,6,,419,OR2G6
DNA-RNA cross-attention,6,,419,OR2T27
DNA-RNA cross-attention,6,,419,OR2T33
DNA-RNA cross-attention,6,,419,OR2T4
DNA-RNA cross-attention,6,,419,OR2T5
DNA-RNA cross-attention,6,,419,OR6F1
DNA-RNA cross-attention,6,,419,OR6N1
DNA-RNA cross-attention,6,,419,OSCP1
DNA-RNA cross-attention,6,,419,OTOF
DNA-RNA cross-attention,6,,419,PADI3
DNA-RNA cross-attention,6,,419,PADI4
DNA-RNA cross-attention,6,,419,PADI6
DNA-RNA cross-attention,6,,419,PAQR6
DNA-RNA cross-attention,6,,419,PARP1
DNA-RNA cross-attention,6,,419,PAX7
DNA-RNA cross-attention,6,,419,PBXIP1
DNA-RNA cross-attention,6,,419,PCP4L1
DNA-RNA cross-attention,6,,419,PCSK9
DNA-RNA cross-attention,6,,419,PDE4B
DNA-RNA cross-attention,6,,419,PDIA6
DNA-RNA cross-attention,6,,419,PDPN
DNA-RNA cross-attention,6,,419,PDZK1IP1
DNA-RNA cross-attention,6,,419,PER3
DNA-RNA cross-attention,6,,419,PEX14
DNA-RNA cross-attention,6,,419,PFDN2
DNA-RNA cross-attention,6,,419,PFKFB2
DNA-RNA cross-attention,6,,419,PGBD5
DNA-RNA cross-attention,6,,419,PGLYRP4
DNA-RNA cross-attention,6,,419,PIGK
DNA-RNA cross-attention,6,,419,PIK3CD-AS1
DNA-RNA cross-attention,6,,419,PIP5K1A
DNA-RNA cross-attention,6,,419,PKP1
DNA-RNA cross-attention,6,,419,PLA2G2C
DNA-RNA cross-attention,6,,419,PLD5
DNA-RNA cross-attention,6,,419,PLEKHA6
DNA-RNA cross-attention,6,,419,PLEKHH2
DNA-RNA cross-attention,6,,419,POGZ
DNA-RNA cross-attention,6,,419,POLE4
DNA-RNA cross-attention,6,,419,POMC
DNA-RNA cross-attention,6,,419,POU2F1
DNA-RNA cross-attention,6,,419,PPIAL4C
DNA-RNA cross-attention,6,,419,PPIAL4E
DNA-RNA cross-attention,6,,419,PPIAL4G
DNA-RNA cross-attention,6,,419,PPM1B
DNA-RNA cross-attention,6,,419,PPOX
DNA-RNA cross-attention,6,,419,PPP1R8
DNA-RNA cross-attention,6,,419,PPT1
DNA-RNA cross-attention,6,,419,PRAMEF25
DNA-RNA cross-attention,6,,419,PRAMEF27
DNA-RNA cross-attention,6,,419,PRAMEF33
DNA-RNA cross-attention,6,,419,PRAMEF7
DNA-RNA cross-attention,6,,419,PRDM2
DNA-RNA cross-attention,6,,419,PRDX6
DNA-RNA cross-attention,6,,419,PREB
DNA-RNA cross-attention,6,,419,PRELP
DNA-RNA cross-attention,6,,419,PREPL
DNA-RNA cross-attention,6,,419,PRKD3
DNA-RNA cross-attention,6,,419,PRUNE1
DNA-RNA cross-attention,6,,419,PSMA5
DNA-RNA cross-attention,6,,419,PSMB2
DNA-RNA cross-attention,6,,419,PSRC1
DNA-RNA cross-attention,6,,419,PTBP2
DNA-RNA cross-attention,6,,419,PTGER3
DNA-RNA cross-attention,6,,419,PTP4A2
DNA-RNA cross-attention,6,,419,PTPN14
DNA-RNA cross-attention,6,,419,PTPRC
DNA-RNA cross-attention,6,,419,PTPRF
DNA-RNA cross-attention,6,,419,PYCR2
DNA-RNA cross-attention,6,,419,PYGO2
DNA-RNA cross-attention,6,,419,PYHIN1
DNA-RNA cross-attention,6,,419,RAB25
DNA-RNA cross-attention,6,,419,RAB42
DNA-RNA cross-attention,6,,419,RAB4A
DNA-RNA cross-attention,6,,419,RABGGTB
DNA-RNA cross-attention,6,,419,RAD51AP2
DNA-RNA cross-attention,6,,419,RAP1A
DNA-RNA cross-attention,6,,419,RBBP5
DNA-RNA cross-attention,6,,419,RBP7
DNA-RNA cross-attention,6,,419,RCOR3
DNA-RNA cross-attention,6,,419,REG3G
DNA-RNA cross-attention,6,,419,RGL1
DNA-RNA cross-attention,6,,419,RGS1
DNA-RNA cross-attention,6,,419,RHEX
DNA-RNA cross-attention,6,,419,RHOC
DNA-RNA cross-attention,6,,419,RIIAD1
DNA-RNA cross-attention,6,,419,RNASEH1
DNA-RNA cross-attention,6,,419,RNF11
DNA-RNA cross-attention,6,,419,RNF115
DNA-RNA cross-attention,6,,419,RNF220
DNA-RNA cross-attention,6,,419,RPL5
DNA-RNA cross-attention,6,,419,RSC1A1
DNA-RNA cross-attention,6,,419,RXFP4
DNA-RNA cross-attention,6,,419,RYR2
DNA-RNA cross-attention,6,,419,S100A12
DNA-RNA cross-attention,6,,419,S100A14
DNA-RNA cross-attention,6,,419,S100A3
DNA-RNA cross-attention,6,,419,S100A5
DNA-RNA cross-attention,6,,419,SAMD13
DNA-RNA cross-attention,6,,419,SCNM1
DNA-RNA cross-attention,6,,419,SCNN1D
DNA-RNA cross-attention,6,,419,SCP2
DNA-RNA cross-attention,6,,419,SDE2
DNA-RNA cross-attention,6,,419,SDF4
DNA-RNA cross-attention,6,,419,SELENBP1
DNA-RNA cross-attention,6,,419,SEMA4F
DNA-RNA cross-attention,6,,419,SEMA6C
DNA-RNA cross-attention,6,,419,SERTAD4-AS1
DNA-RNA cross-attention,6,,419,SESN2
DNA-RNA cross-attention,6,,419,SETSIP
DNA-RNA cross-attention,6,,419,SHC1
DNA-RNA cross-attention,6,,419,SHCBP1L
DNA-RNA cross-attention,6,,419,SLC25A44
DNA-RNA cross-attention,6,,419,SLC2A5
DNA-RNA cross-attention,6,,419,SLC44A3
DNA-RNA cross-attention,6,,419,SLC66A3
DNA-RNA cross-attention,6,,419,SLC8A1
DNA-RNA cross-attention,6,,419,SMAP2
DNA-RNA cross-attention,6,,419,SMCP
DNA-RNA cross-attention,6,,419,SMYD2
DNA-RNA cross-attention,6,,419,SNAP47
DNA-RNA cross-attention,6,,419,SNRPE
DNA-RNA cross-attention,6,,419,SNX27
DNA-RNA cross-attention,6,,419,SPATA1
DNA-RNA cross-attention,6,,419,SPRR1A
DNA-RNA cross-attention,6,,419,SPRR2D
DNA-RNA cross-attention,6,,419,SPRR4
DNA-RNA cross-attention,6,,419,SPTA1
DNA-RNA cross-attention,6,,419,SSBP3
DNA-RNA cross-attention,6,,419,SSU72
DNA-RNA cross-attention,6,,419,STON1
DNA-RNA cross-attention,6,,419,SUCLG1
DNA-RNA cross-attention,6,,419,SULT6B1
DNA-RNA cross-attention,6,,419,SV2A
DNA-RNA cross-attention,6,,419,SYPL2
DNA-RNA cross-attention,6,,419,TAF13
DNA-RNA cross-attention,6,,419,TAL1
DNA-RNA cross-attention,6,,419,TATDN3
DNA-RNA cross-attention,6,,419,TCHHL1
DNA-RNA cross-attention,6,,419,TDRD10
DNA-RNA cross-attention,6,,419,THBS3
DNA-RNA cross-attention,6,,419,TINAGL1
DNA-RNA cross-attention,6,,419,TLX2
DNA-RNA cross-attention,6,,419,TMCC2
DNA-RNA cross-attention,6,,419,TMCO2
DNA-RNA cross-attention,6,,419,TMCO4
DNA-RNA cross-attention,6,,419,TMEM18
DNA-RNA cross-attention,6,,419,TMEM247
DNA-RNA cross-attention,6,,419,TMEM50A
DNA-RNA cross-attention,6,,419,TMEM51
DNA-RNA cross-attention,6,,419,TMEM78
DNA-RNA cross-attention,6,,419,TNFSF18
DNA-RNA cross-attention,6,,419,TNR
DNA-RNA cross-attention,6,,419,TP53I3
DNA-RNA cross-attention,6,,419,TRAF3IP3
DNA-RNA cross-attention,6,,419,TRAPPC3
DNA-RNA cross-attention,6,,419,TRIM58
DNA-RNA cross-attention,6,,419,TRIT1
DNA-RNA cross-attention,6,,419,TRMT13
DNA-RNA cross-attention,6,,419,TRNAU1AP
DNA-RNA cross-attention,6,,419,TTF2
DNA-RNA cross-attention,6,,419,TTLL10
DNA-RNA cross-attention,6,,419,UBE2Q1
DNA-RNA cross-attention,6,,419,UBE4B
DNA-RNA cross-attention,6,,419,UBR4
DNA-RNA cross-attention,6,,419,UBXN2A
DNA-RNA cross-attention,6,,419,UTP25
DNA-RNA cross-attention,6,,419,VCAM1
DNA-RNA cross-attention,6,,419,WDR77
DNA-RNA cross-attention,6,,419,WLS
DNA-RNA cross-attention,6,,419,XCL1
DNA-RNA cross-attention,6,,419,XCL2
DNA-RNA cross-attention,6,,419,XKR8
DNA-RNA cross-attention,6,,419,ZDHHC18
DNA-RNA cross-attention,6,,419,ZFP69
DNA-RNA cross-attention,6,,419,ZMPSTE24
DNA-RNA cross-attention,6,,419,ZMYM4
DNA-RNA cross-attention,6,,419,ZNF593
DNA-RNA cross-attention,6,,419,ZNF669
DNA-RNA cross-attention,6,,419,ZNF695
DNA-RNA cross-attention,6,,419,ZSCAN20
DNA-RNA cross-attention,5,,349,AADACL3
DNA-RNA cross-attention,5,,349,AADACL4
DNA-RNA cross-attention,5,,349,ABCA4
DNA-RNA cross-attention,5,,349,ABCB10
DNA-RNA cross-attention,5,,349,ABCG8
DNA-RNA cross-attention,5,,349,ACTA1
DNA-RNA cross-attention,5,,349,ADAMTSL4
DNA-RNA cross-attention,5,,349,ADD2
DNA-RNA cross-attention,5,,349,ADGRB2
DNA-RNA cross-attention,5,,349,AGMAT
DNA-RNA cross-attention,5,,349,AJAP1
DNA-RNA cross-attention,5,,349,AK5
DNA-RNA cross-attention,5,,349,AKNAD1
DNA-RNA cross-attention,5,,349,ALMS1
DNA-RNA cross-attention,5,,349,AMY1A
DNA-RNA cross-attention,5,,349,AMY1C
DNA-RNA cross-attention,5,,349,AMY2A
DNA-RNA cross-attention,5,,349,ANKRD13C
DNA-RNA cross-attention,5,,349,ANKRD45
DNA-RNA cross-attention,5,,349,ANKRD53
DNA-RNA cross-attention,5,,349,ANKRD65
DNA-RNA cross-attention,5,,349,ARHGAP25
DNA-RNA cross-attention,5,,349,ARHGAP29
DNA-RNA cross-attention,5,,349,ARHGEF10L
DNA-RNA cross-attention,5,,349,ARPC5
DNA-RNA cross-attention,5,,349,ATAD3B
DNA-RNA cross-attention,5,,349,ATP1A1
DNA-RNA cross-attention,5,,349,ATP6V0B
DNA-RNA cross-attention,5,,349,ATPAF1
DNA-RNA cross-attention,5,,349,ATXN7L2
DNA-RNA cross-attention,5,,349,AUNIP
DNA-RNA cross-attention,5,,349,AURKAIP1
DNA-RNA cross-attention,5,,349,AXDND1
DNA-RNA cross-attention,5,,349,BCAN
DNA-RNA cross-attention,5,,349,BLZF1
DNA-RNA cross-attention,5,,349,BOLA1
DNA-RNA cross-attention,5,,349,BRDT
DNA-RNA cross-attention,5,,349,BRINP3
DNA-RNA cross-attention,5,,349,BTBD8
DNA-RNA cross-attention,5,,349,BTG2
DNA-RNA cross-attention,5,,349,C1orf115
DNA-RNA cross-attention,5,,349,C1orf159
DNA-RNA cross-attention,5,,349,C1orf210
DNA-RNA cross-attention,5,,349,C1orf53
DNA-RNA cross-attention,5,,349,C1orf87
DNA-RNA cross-attention,5,,349,C2CD4D
DNA-RNA cross-attention,5,,349,C2orf42
DNA-RNA cross-attention,5,,349,C2orf78
DNA-RNA cross-attention,5,,349,CACHD1
DNA-RNA cross-attention,5,,349,CACNA1E
DNA-RNA cross-attention,5,,349,CATSPER4
DNA-RNA cross-attention,5,,349,CCDC17
DNA-RNA cross-attention,5,,349,CCDC24
DNA-RNA cross-attention,5,,349,CCDC27
DNA-RNA cross-attention,5,,349,CCDC28B
DNA-RNA cross-attention,5,,349,CCDC85A
DNA-RNA cross-attention,5,,349,CD160
DNA-RNA cross-attention,5,,349,CD164L2
DNA-RNA cross-attention,5,,349,CDA
DNA-RNA cross-attention,5,,349,CELF3
DNA-RNA cross-attention,5,,349,CENPL
DNA-RNA cross-attention,5,,349,CFAP126
DNA-RNA cross-attention,5,,349,CFAP45
DNA-RNA cross-attention,5,,349,CFHR5
DNA-RNA cross-attention,5,,349,CGREF1
DNA-RNA cross-attention,5,,349,CHI3L2
DNA-RNA cross-attention,5,,349,CLK2
DNA-RNA cross-attention,5,,349,COMMD1
DNA-RNA cross-attention,5,,349,CPT2
DNA-RNA cross-attention,5,,349,CR1
DNA-RNA cross-attention,5,,349,CRIPT
DNA-RNA cross-attention,5,,349,CRNN
DNA-RNA cross-attention,5,,349,CYP4A11
DNA-RNA cross-attention,5,,349,CZIB
DNA-RNA cross-attention,5,,349,DARS2
DNA-RNA cross-attention,5,,349,DCAF6
DNA-RNA cross-attention,5,,349,DCST1
DNA-RNA cross-attention,5,,349,DDAH1
DNA-RNA cross-attention,5,,349,DDR2
DNA-RNA cross-attention,5,,349,DESI2
DNA-RNA cross-attention,5,,349,DHCR24
DNA-RNA cross-attention,5,,349,DISP1
DNA-RNA cross-attention,5,,349,DNAJC11
DNA-RNA cross-attention,5,,349,DNAJC16
DNA-RNA cross-attention,5,,349,DNAJC6
DNA-RNA cross-attention,5,,349,DNALI1
DNA-RNA cross-attention,5,,349,DPH5
DNA-RNA cross-attention,5,,349,DPY30
DNA-RNA cross-attention,5,,349,DRAXIN
DNA-RNA cross-attention,5,,349,DSTYK
DNA-RNA cross-attention,5,,349,DUSP11
DNA-RNA cross-attention,5,,349,DYNC2LI1
DNA-RNA cross-attention,5,,349,EFHD2
DNA-RNA cross-attention,5,,349,EFNA1
DNA-RNA cross-attention,5,,349,EHD3
DNA-RNA cross-attention,5,,349,EIF2D
DNA-RNA cross-attention,5,,349,ELK4
DNA-RNA cross-attention,5,,349,EML6
DNA-RNA cross-attention,5,,349,EPHA2
DNA-RNA cross-attention,5,,349,EPHB2
DNA-RNA cross-attention,5,,349,ERLEC1
DNA-RNA cross-attention,5,,349,ERO1B
DNA-RNA cross-attention,5,,349,EXO1
DNA-RNA cross-attention,5,,349,F13B
DNA-RNA cross-attention,5,,349,F5
DNA-RNA cross-attention,5,,349,FAAP20
DNA-RNA cross-attention,5,,349,FAM110C
DNA-RNA cross-attention,5,,349,FAM151A
DNA-RNA cross-attention,5,,349,FCER1A
DNA-RNA cross-attention,5,,349,FCGR3B
DNA-RNA cross-attention,5,,349,FCMR
DNA-RNA cross-attention,5,,349,FCN3
DNA-RNA cross-attention,5,,349,FKBP1B
DNA-RNA cross-attention,5,,349,FMO4
DNA-RNA cross-attention,5,,349,FNDC5
DNA-RNA cross-attention,5,,349,GABPB2
DNA-RNA cross-attention,5,,349,GABRD
DNA-RNA cross-attention,5,,349,GCSAML
DNA-RNA cross-attention,5,,349,GFI1
DNA-RNA cross-attention,5,,349,GFPT1
DNA-RNA cross-attention,5,,349,GJA9
DNA-RNA cross-attention,5,,349,GJB4
DNA-RNA cross-attention,5,,349,GJB5
DNA-RNA cross-attention,5,,349,GLMN
DNA-RNA cross-attention,5,,349,GLMP
DNA-RNA cross-attention,5,,349,GON4L
DNA-RNA cross-attention,5,,349,GREM2
DNA-RNA cross-attention,5,,349,GRHL3
DNA-RNA cross-attention,5,,349,GSTM1
DNA-RNA cross-attention,5,,349,GSTM5
DNA-RNA cross-attention,5,,349,GUK1
DNA-RNA cross-attention,5,,349,HDGF
DNA-RNA cross-attention,5,,349,HES4
DNA-RNA cross-attention,5,,349,HIVEP3
DNA-RNA cross-attention,5,,349,HNRNPCL1
DNA-RNA cross-attention,5,,349,HNRNPCL2
DNA-RNA cross-attention,5,,349,HNRNPCL3
DNA-RNA cross-attention,5,,349,HNRNPU
DNA-RNA cross-attention,5,,349,HPCAL4
DNA-RNA cross-attention,5,,349,HSD17B7
DNA-RNA cross-attention,5,,349,HSPA6
DNA-RNA cross-attention,5,,349,HYI
DNA-RNA cross-attention,5,,349,IBA57-DT
DNA-RNA cross-attention,5,,349,ICMT
DNA-RNA cross-attention,5,,349,IFT172
DNA-RNA cross-attention,5,,349,IGSF9
DNA-RNA cross-attention,5,,349,IL12RB2
DNA-RNA cross-attention,5,,349,IL22RA1
DNA-RNA cross-attention,5,,349,INO80B
DNA-RNA cross-attention,5,,349,IPO13
DNA-RNA cross-attention,5,,349,IPO9
DNA-RNA cross-attention,5,,349,KCNA3
DNA-RNA cross-attention,5,,349,KCNAB2
DNA-RNA cross-attention,5,,349,KCNH1
DNA-RNA cross-attention,5,,349,KCNJ10
DNA-RNA cross-attention,5,,349,KCNK12
DNA-RNA cross-attention,5,,349,KCNT2
DNA-RNA cross-attention,5,,349,KCTD3
DNA-RNA cross-attention,5,,349,KLHDC9
DNA-RNA cross-attention,5,,349,KLHL29
DNA-RNA cross-attention,5,,349,LACTBL1
DNA-RNA cross-attention,5,,349,LAMB3
DNA-RNA cross-attention,5,,349,LCE3B
DNA-RNA cross-attention,5,,349,LCE3C
DNA-RNA cross-attention,5,,349,LCE6A
DNA-RNA cross-attention,5,,349,LEMD1
DNA-RNA cross-attention,5,,349,LEPROT
DNA-RNA cross-attention,5,,349,LHX4
DNA-RNA cross-attention,5,,349,LIN9
DNA-RNA cross-attention,5,,349,LRRC38
DNA-RNA cross-attention,5,,349,LRRC8B
DNA-RNA cross-attention,5,,349,LRRC8C
DNA-RNA cross-attention,5,,349,MAPRE3
DNA-RNA cross-attention,5,,349,MARK1
DNA-RNA cross-attention,5,,349,MED18
DNA-RNA cross-attention,5,,349,MED8
DNA-RNA cross-attention,5,,349,MLLT11
DNA-RNA cross-attention,5,,349,MMACHC
DNA-RNA cross-attention,5,,349,MMP23B
DNA-RNA cross-attention,5,,349,MOB1A
DNA-RNA cross-attention,5,,349,MROH7
DNA-RNA cross-attention,5,,349,MROH9
DNA-RNA cross-attention,5,,349,MRPS15
DNA-RNA cross-attention,5,,349,MTHFD2
DNA-RNA cross-attention,5,,349,MUTYH
DNA-RNA cross-attention,5,,349,MYOG
DNA-RNA cross-attention,5,,349,NADK
DNA-RNA cross-attention,5,,349,NAGK
DNA-RNA cross-attention,5,,349,NASP
DNA-RNA cross-attention,5,,349,NBPF1
DNA-RNA cross-attention,5,,349,NCOA1
DNA-RNA cross-attention,5,,349,NDC1
DNA-RNA cross-attention,5,,349,NDUFS5
DNA-RNA cross-attention,5,,349,NENF
DNA-RNA cross-attention,5,,349,NEXN-AS1
DNA-RNA cross-attention,5,,349,NID1
DNA-RNA cross-attention,5,,349,NRXN1
DNA-RNA cross-attention,5,,349,NTRK1
DNA-RNA cross-attention,5,,349,NUAK2
DNA-RNA cross-attention,5,,349,OLFML3
DNA-RNA cross-attention,5,,349,OR10R2
DNA-RNA cross-attention,5,,349,OR10T2
DNA-RNA cross-attention,5,,349,OR2C3
DNA-RNA cross-attention,5,,349,OR2L2
DNA-RNA cross-attention,5,,349,OR2M3
DNA-RNA cross-attention,5,,349,OR2M5
DNA-RNA cross-attention,5,,349,OR2T12
DNA-RNA cross-attention,5,,349,OR2T6
DNA-RNA cross-attention,5,,349,OR6P1
DNA-RNA cross-attention,5,,349,OR6Y1
DNA-RNA cross-attention,5,,349,OST4
DNA-RNA cross-attention,5,,349,OVGP1
DNA-RNA cross-attention,5,,349,OXER1
DNA-RNA cross-attention,5,,349,PAPPA2
DNA-RNA cross-attention,5,,349,PCARE
DNA-RNA cross-attention,5,,349,PDIK1L
DNA-RNA cross-attention,5,,349,PGLYRP3
DNA-RNA cross-attention,5,,349,PHC2
DNA-RNA cross-attention,5,,349,PHLDA3
DNA-RNA cross-attention,5,,349,PIAS3
DNA-RNA cross-attention,5,,349,PIGR
DNA-RNA cross-attention,5,,349,PLA2G5
DNA-RNA cross-attention,5,,349,PLEKHM2
DNA-RNA cross-attention,5,,349,PLOD1
DNA-RNA cross-attention,5,,349,PLPP3
DNA-RNA cross-attention,5,,349,PLPPR4
DNA-RNA cross-attention,5,,349,PLPPR5
DNA-RNA cross-attention,5,,349,PODN
DNA-RNA cross-attention,5,,349,POMGNT1
DNA-RNA cross-attention,5,,349,PPIAL4D
DNA-RNA cross-attention,5,,349,PPIAL4H
DNA-RNA cross-attention,5,,349,PPIE
DNA-RNA cross-attention,5,,349,PPP1R12B
DNA-RNA cross-attention,5,,349,PPP4R3B
DNA-RNA cross-attention,5,,349,PRAMEF14
DNA-RNA cross-attention,5,,349,PRAMEF17
DNA-RNA cross-attention,5,,349,PRAMEF5
DNA-RNA cross-attention,5,,349,PRCC
DNA-RNA cross-attention,5,,349,PRDM16
DNA-RNA cross-attention,5,,349,PRDX1
DNA-RNA cross-attention,5,,349,PRG4
DNA-RNA cross-attention,5,,349,PRKACB
DNA-RNA cross-attention,5,,349,PTGS2
DNA-RNA cross-attention,5,,349,PTPRU
DNA-RNA cross-attention,5,,349,QPCT
DNA-RNA cross-attention,5,,349,RAB11FIP5
DNA-RNA cross-attention,5,,349,RAB3B
DNA-RNA cross-attention,5,,349,RAD54L
DNA-RNA cross-attention,5,,349,RASSF5
DNA-RNA cross-attention,5,,349,RBKS
DNA-RNA cross-attention,5,,349,RCAN3
DNA-RNA cross-attention,5,,349,RD3
DNA-RNA cross-attention,5,,349,REG4
DNA-RNA cross-attention,5,,349,RIMKLA
DNA-RNA cross-attention,5,,349,RNASEL
DNA-RNA cross-attention,5,,349,RPE65
DNA-RNA cross-attention,5,,349,RPL11
DNA-RNA cross-attention,5,,349,RPS27
DNA-RNA cross-attention,5,,349,RPS7
DNA-RNA cross-attention,5,,349,RPTN
DNA-RNA cross-attention,5,,349,RSAD2
DNA-RNA cross-attention,5,,349,RSRP1
DNA-RNA cross-attention,5,,349,RTN4
DNA-RNA cross-attention,5,,349,RXRG
DNA-RNA cross-attention,5,,349,S100A11
DNA-RNA cross-attention,5,,349,S100A13
DNA-RNA cross-attention,5,,349,S100A2
DNA-RNA cross-attention,5,,349,S100A9
DNA-RNA cross-attention,5,,349,S100PBP
DNA-RNA cross-attention,5,,349,SCYL3
DNA-RNA cross-attention,5,,349,SEC16B
DNA-RNA cross-attention,5,,349,SEC22B
DNA-RNA cross-attention,5,,349,SFT2D2
DNA-RNA cross-attention,5,,349,SH3D21
DNA-RNA cross-attention,5,,349,SHISAL2A
DNA-RNA cross-attention,5,,349,SIX3
DNA-RNA cross-attention,5,,349,SLAMF9
DNA-RNA cross-attention,5,,349,SLC16A1
DNA-RNA cross-attention,5,,349,SLC25A34
DNA-RNA cross-attention,5,,349,SLC27A3
DNA-RNA cross-attention,5,,349,SLC30A3
DNA-RNA cross-attention,5,,349,SLC35D1
DNA-RNA cross-attention,5,,349,SLC35E2A
DNA-RNA cross-attention,5,,349,SLC35F6
DNA-RNA cross-attention,5,,349,SLC4A5
DNA-RNA cross-attention,5,,349,SMG7
DNA-RNA cross-attention,5,,349,SNHG28
DNA-RNA cross-attention,5,,349,SNTG2
DNA-RNA cross-attention,5,,349,SNX17
DNA-RNA cross-attention,5,,349,SOAT1
DNA-RNA cross-attention,5,,349,SOX11
DNA-RNA cross-attention,5,,349,SPAST
DNA-RNA cross-attention,5,,349,SPATA46
DNA-RNA cross-attention,5,,349,SPR
DNA-RNA cross-attention,5,,349,SPRR2B
DNA-RNA cross-attention,5,,349,SPSB1
DNA-RNA cross-attention,5,,349,SRBD1
DNA-RNA cross-attention,5,,349,SSR2
DNA-RNA cross-attention,5,,349,ST3GAL3
DNA-RNA cross-attention,5,,349,ST6GALNAC3
DNA-RNA cross-attention,5,,349,ST7L
DNA-RNA cross-attention,5,,349,STPG1
DNA-RNA cross-attention,5,,349,STPG4
DNA-RNA cross-attention,5,,349,STRN
DNA-RNA cross-attention,5,,349,SWT1
DNA-RNA cross-attention,5,,349,SYTL1
DNA-RNA cross-attention,5,,349,TACSTD2
DNA-RNA cross-attention,5,,349,TAF1A
DNA-RNA cross-attention,5,,349,TAS1R2
DNA-RNA cross-attention,5,,349,TAS1R3
DNA-RNA cross-attention,5,,349,TCF23
DNA-RNA cross-attention,5,,349,TEDDM1
DNA-RNA cross-attention,5,,349,TESK2
DNA-RNA cross-attention,5,,349,TEX46
DNA-RNA cross-attention,5,,349,THRAP3
DNA-RNA cross-attention,5,,349,TLCD4
DNA-RNA cross-attention,5,,349,TMCO1
DNA-RNA cross-attention,5,,349,TMEM35B
DNA-RNA cross-attention,5,,349,TNFRSF18
DNA-RNA cross-attention,5,,349,TNFSF4
DNA-RNA cross-attention,5,,349,TOE1
DNA-RNA cross-attention,5,,349,TOMM20
DNA-RNA cross-attention,5,,349,TOMM40L
DNA-RNA cross-attention,5,,349,TRABD2A
DNA-RNA cross-attention,5,,349,TRIM46
DNA-RNA cross-attention,5,,349,TRIM63
DNA-RNA cross-attention,5,,349,TSEN15
DNA-RNA cross-attention,5,,349,TSPYL6
DNA-RNA cross-attention,5,,349,TTC13
DNA-RNA cross-attention,5,,349,TTC32
DNA-RNA cross-attention,5,,349,TXLNA
DNA-RNA cross-attention,5,,349,TXNDC12
DNA-RNA cross-attention,5,,349,UAP1
DNA-RNA cross-attention,5,,349,UQCRH
DNA-RNA cross-attention,5,,349,UQCRHL
DNA-RNA cross-attention,5,,349,USH2A
DNA-RNA cross-attention,5,,349,UTS2
DNA-RNA cross-attention,5,,349,VANGL1
DNA-RNA cross-attention,5,,349,VANGL2
DNA-RNA cross-attention,5,,349,VSNL1
DNA-RNA cross-attention,5,,349,VTCN1
DNA-RNA cross-attention,5,,349,VWA1
DNA-RNA cross-attention,5,,349,WDR43
DNA-RNA cross-attention,5,,349,WNT4
DNA-RNA cross-attention,5,,349,WNT9A
DNA-RNA cross-attention,5,,349,ZFYVE9
DNA-RNA cross-attention,5,,349,ZMYM1
DNA-RNA cross-attention,5,,349,ZNF672
DNA-RNA cross-attention,5,,349,ZNF684
DNA-RNA cross-attention,0,,329,ABHD1
DNA-RNA cross-attention,0,,329,ACYP2
DNA-RNA cross-attention,0,,329,ADAM30
DNA-RNA cross-attention,0,,329,ADORA3
DNA-RNA cross-attention,0,,329,AGO1
DNA-RNA cross-attention,0,,329,AKR7A3
DNA-RNA cross-attention,0,,329,ALDH4A1
DNA-RNA cross-attention,0,,329,ALK
DNA-RNA cross-attention,0,,329,ALLC
DNA-RNA cross-attention,0,,329,ALPL
DNA-RNA cross-attention,0,,329,ANGPTL1
DNA-RNA cross-attention,0,,329,ANGPTL3
DNA-RNA cross-attention,0,,329,ANKRD34A
DNA-RNA cross-attention,0,,329,ANXA9
DNA-RNA cross-attention,0,,329,AP4B1
DNA-RNA cross-attention,0,,329,APOB
DNA-RNA cross-attention,0,,329,ARHGEF11
DNA-RNA cross-attention,0,,329,ARHGEF19
DNA-RNA cross-attention,0,,329,ASB17
DNA-RNA cross-attention,0,,329,ATF6
DNA-RNA cross-attention,0,,329,ATP1A1-AS1
DNA-RNA cross-attention,0,,329,ATP6V1E2
DNA-RNA cross-attention,0,,329,AVPR1B
DNA-RNA cross-attention,0,,329,BABAM2
DNA-RNA cross-attention,0,,329,BECN2
DNA-RNA cross-attention,0,,329,BRINP2
DNA-RNA cross-attention,0,,329,C1QA
DNA-RNA cross-attention,0,,329,C1orf105
DNA-RNA cross-attention,0,,329,C1orf198
DNA-RNA cross-attention,0,,329,C1orf216
DNA-RNA cross-attention,0,,329,C8A
DNA-RNA cross-attention,0,,329,C8B
DNA-RNA cross-attention,0,,329,CADM3
DNA-RNA cross-attention,0,,329,CALM2
DNA-RNA cross-attention,0,,329,CC2D1B
DNA-RNA cross-attention,0,,329,CCDC181
DNA-RNA cross-attention,0,,329,CCDC185
DNA-RNA cross-attention,0,,329,CCN1
DNA-RNA cross-attention,0,,329,CD1B
DNA-RNA cross-attention,0,,329,CD58
DNA-RNA cross-attention,0,,329,CDC42EP3
DNA-RNA cross-attention,0,,329,CEBPZOS
DNA-RNA cross-attention,0,,329,CENPO
DNA-RNA cross-attention,0,,329,CEPT1
DNA-RNA cross-attention,0,,329,CFAP57
DNA-RNA cross-attention,0,,329,CHAC2
DNA-RNA cross-attention,0,,329,CLCC1
DNA-RNA cross-attention,0,,329,CLCN6
DNA-RNA cross-attention,0,,329,CLDN19
DNA-RNA cross-attention,0,,329,CLEC4F
DNA-RNA cross-attention,0,,329,CNKSR1
DNA-RNA cross-attention,0,,329,CNN3
DNA-RNA cross-attention,0,,329,CNRIP1
DNA-RNA cross-attention,0,,329,COL11A1
DNA-RNA cross-attention,0,,329,COL16A1
DNA-RNA cross-attention,0,,329,COL8A2
DNA-RNA cross-attention,0,,329,CRABP2
DNA-RNA cross-attention,0,,329,CYP1B1
DNA-RNA cross-attention,0,,329,DBT
DNA-RNA cross-attention,0,,329,DHDDS
DNA-RNA cross-attention,0,,329,DMAP1
DNA-RNA cross-attention,0,,329,DMBX1
DNA-RNA cross-attention,0,,329,DMRTA2
DNA-RNA cross-attention,0,,329,DMRTB1
DNA-RNA cross-attention,0,,329,DNAH6
DNA-RNA cross-attention,0,,329,DOK1
DNA-RNA cross-attention,0,,329,DPYD
DNA-RNA cross-attention,0,,329,DRC1
DNA-RNA cross-attention,0,,329,DYRK3
DNA-RNA cross-attention,0,,329,E2F6
DNA-RNA cross-attention,0,,329,ECE1
DNA-RNA cross-attention,0,,329,EFCAB14
DNA-RNA cross-attention,0,,329,EFCAB7
DNA-RNA cross-attention,0,,329,EFNA4
DNA-RNA cross-attention,0,,329,EMC1
DNA-RNA cross-attention,0,,329,EMILIN1
DNA-RNA cross-attention,0,,329,ENAH
DNA-RNA cross-attention,0,,329,EPHA8
DNA-RNA cross-attention,0,,329,ETAA1
DNA-RNA cross-attention,0,,329,EVA1B
DNA-RNA cross-attention,0,,329,FAM131C
DNA-RNA cross-attention,0,,329,FAM161A
DNA-RNA cross-attention,0,,329,FAM43B
DNA-RNA cross-attention,0,,329,FAM72C
DNA-RNA cross-attention,0,,329,FAM78B
DNA-RNA cross-attention,0,,329,FCRL5
DNA-RNA cross-attention,0,,329,FCRLA
DNA-RNA cross-attention,0,,329,FHAD1
DNA-RNA cross-attention,0,,329,FNDC4
DNA-RNA cross-attention,0,,329,FOXD3
DNA-RNA cross-attention,0,,329,FOXO6
DNA-RNA cross-attention,0,,329,GBP1
DNA-RNA cross-attention,0,,329,GBP4
DNA-RNA cross-attention,0,,329,GBP7
DNA-RNA cross-attention,0,,329,GJA4
DNA-RNA cross-attention,0,,329,GMEB1
DNA-RNA cross-attention,0,,329,GPATCH3
DNA-RNA cross-attention,0,,329,GPR3
DNA-RNA cross-attention,0,,329,GPR37L1
DNA-RNA cross-attention,0,,329,GPR75
DNA-RNA cross-attention,0,,329,GPR88
DNA-RNA cross-attention,0,,329,GPR89A
DNA-RNA cross-attention,0,,329,GPR89B
DNA-RNA cross-attention,0,,329,H6PD
DNA-RNA cross-attention,0,,329,HEATR5B
DNA-RNA cross-attention,0,,329,HECTD3
DNA-RNA cross-attention,0,,329,HENMT1
DNA-RNA cross-attention,0,,329,HES2
DNA-RNA cross-attention,0,,329,HNRNPCL4
DNA-RNA cross-attention,0,,329,HSD3B1
DNA-RNA cross-attention,0,,329,HSPG2
DNA-RNA cross-attention,0,,329,INPP5B
DNA-RNA cross-attention,0,,329,INSL5
DNA-RNA cross-attention,0,,329,INTS3
DNA-RNA cross-attention,0,,329,INTS7
DNA-RNA cross-attention,0,,329,IPP
DNA-RNA cross-attention,0,,329,IQGAP3
DNA-RNA cross-attention,0,,329,ITGA10
DNA-RNA cross-attention,0,,329,IVNS1ABP
DNA-RNA cross-attention,0,,329,KCNG3
DNA-RNA cross-attention,0,,329,KDF1
DNA-RNA cross-attention,0,,329,KDM4A
DNA-RNA cross-attention,0,,329,KHK
DNA-RNA cross-attention,0,,329,KIAA1614
DNA-RNA cross-attention,0,,329,KIF17
DNA-RNA cross-attention,0,,329,KLF17
DNA-RNA cross-attention,0,,329,KLHL17
DNA-RNA cross-attention,0,,329,KPNA6
DNA-RNA cross-attention,0,,329,KPRP
DNA-RNA cross-attention,0,,329,KTI12
DNA-RNA cross-attention,0,,329,LCE1B
DNA-RNA cross-attention,0,,329,LCE1D
DNA-RNA cross-attention,0,,329,LCE2C
DNA-RNA cross-attention,0,,329,LCE3A
DNA-RNA cross-attention,0,,329,LCE3E
DNA-RNA cross-attention,0,,329,LCLAT1
DNA-RNA cross-attention,0,,329,LDLRAP1
DNA-RNA cross-attention,0,,329,LELP1
DNA-RNA cross-attention,0,,329,LGALSL
DNA-RNA cross-attention,0,,329,LOXL3
DNA-RNA cross-attention,0,,329,LPAR3
DNA-RNA cross-attention,0,,329,LRP8
DNA-RNA cross-attention,0,,329,LRRN2
DNA-RNA cross-attention,0,,329,LRRTM1
DNA-RNA cross-attention,0,,329,LURAP1
DNA-RNA cross-attention,0,,329,MAP3K6
DNA-RNA cross-attention,0,,329,MAST2
DNA-RNA cross-attention,0,,329,MATN3
DNA-RNA cross-attention,0,,329,MEGF6
DNA-RNA cross-attention,0,,329,MEIS1
DNA-RNA cross-attention,0,,329,METTL18
DNA-RNA cross-attention,0,,329,MEX3A
DNA-RNA cross-attention,0,,329,MINDY1
DNA-RNA cross-attention,0,,329,MNDA
DNA-RNA cross-attention,0,,329,MOB3C
DNA-RNA cross-attention,0,,329,MORN1
DNA-RNA cross-attention,0,,329,MPZ
DNA-RNA cross-attention,0,,329,MTF1
DNA-RNA cross-attention,0,,329,MTMR11
DNA-RNA cross-attention,0,,329,MTRNR2L11
DNA-RNA cross-attention,0,,329,MYOC
DNA-RNA cross-attention,0,,329,NBPF15
DNA-RNA cross-attention,0,,329,NBPF3
DNA-RNA cross-attention,0,,329,NBPF4
DNA-RNA cross-attention,0,,329,NCDN
DNA-RNA cross-attention,0,,329,NCF2
DNA-RNA cross-attention,0,,329,NCMAP
DNA-RNA cross-attention,0,,329,NDUFAF7
DNA-RNA cross-attention,0,,329,NHLH1
DNA-RNA cross-attention,0,,329,NMNAT1
DNA-RNA cross-attention,0,,329,NOTCH2NLC
DNA-RNA cross-attention,0,,329,NPHS2
DNA-RNA cross-attention,0,,329,NPL
DNA-RNA cross-attention,0,,329,NT5C1B
DNA-RNA cross-attention,0,,329,OPTC
DNA-RNA cross-attention,0,,329,OR10K1
DNA-RNA cross-attention,0,,329,OR14A2
DNA-RNA cross-attention,0,,329,OR2G3
DNA-RNA cross-attention,0,,329,OR2L13
DNA-RNA cross-attention,0,,329,OR2L8
DNA-RNA cross-attention,0,,329,OR2M2
DNA-RNA cross-attention,0,,329,OR2M4
DNA-RNA cross-attention,0,,329,OR2M7
DNA-RNA cross-attention,0,,329,OR2T1
DNA-RNA cross-attention,0,,329,OR4F5
DNA-RNA cross-attention,0,,329,OSR1
DNA-RNA cross-attention,0,,329,PACC1
DNA-RNA cross-attention,0,,329,PADI2
DNA-RNA cross-attention,0,,329,PAFAH2
DNA-RNA cross-attention,0,,329,PAIP2B
DNA-RNA cross-attention,0,,329,PALMD
DNA-RNA cross-attention,0,,329,PANK4
DNA-RNA cross-attention,0,,329,PARS2
DNA-RNA cross-attention,0,,329,PATJ
DNA-RNA cross-attention,0,,329,PCBP1
DNA-RNA cross-attention,0,,329,PCGF1
DNA-RNA cross-attention,0,,329,PCYOX1
DNA-RNA cross-attention,0,,329,PDZK1
DNA-RNA cross-attention,0,,329,PEAR1
DNA-RNA cross-attention,0,,329,PEX10
DNA-RNA cross-attention,0,,329,PEX11B
DNA-RNA cross-attention,0,,329,PHF13
DNA-RNA cross-attention,0,,329,PI4KB
DNA-RNA cross-attention,0,,329,PIGF
DNA-RNA cross-attention,0,,329,PIGM
DNA-RNA cross-attention,0,,329,PIK3C2B
DNA-RNA cross-attention,0,,329,PIK3R3
DNA-RNA cross-attention,0,,329,PKDCC
DNA-RNA cross-attention,0,,329,PLA2G2A
DNA-RNA cross-attention,0,,329,PLA2G2D
DNA-RNA cross-attention,0,,329,PLCH2
DNA-RNA cross-attention,0,,329,PLK3
DNA-RNA cross-attention,0,,329,PMVK
DNA-RNA cross-attention,0,,329,POGK
DNA-RNA cross-attention,0,,329,PRAMEF1
DNA-RNA cross-attention,0,,329,PRAMEF10
DNA-RNA cross-attention,0,,329,PRAMEF15
DNA-RNA cross-attention,0,,329,PRAMEF19
DNA-RNA cross-attention,0,,329,PRAMEF2
DNA-RNA cross-attention,0,,329,PRAMEF6
DNA-RNA cross-attention,0,,329,PRAMEF9
DNA-RNA cross-attention,0,,329,PROK1
DNA-RNA cross-attention,0,,329,PRR9
DNA-RNA cross-attention,0,,329,PRRX1
DNA-RNA cross-attention,0,,329,PRXL2B
DNA-RNA cross-attention,0,,329,PSMB4
DNA-RNA cross-attention,0,,329,PTGFRN
DNA-RNA cross-attention,0,,329,PTPN7
DNA-RNA cross-attention,0,,329,PUM2
DNA-RNA cross-attention,0,,329,PXDN
DNA-RNA cross-attention,0,,329,RAVER2
DNA-RNA cross-attention,0,,329,RBM34
DNA-RNA cross-attention,0,,329,RBMXL1
DNA-RNA cross-attention,0,,329,RCC1
DNA-RNA cross-attention,0,,329,REG3A
DNA-RNA cross-attention,0,,329,REN
DNA-RNA cross-attention,0,,329,RFX5
DNA-RNA cross-attention,0,,329,RGS13
DNA-RNA cross-attention,0,,329,RGS2
DNA-RNA cross-attention,0,,329,RIMS3
DNA-RNA cross-attention,0,,329,RNF207
DNA-RNA cross-attention,0,,329,RORC
DNA-RNA cross-attention,0,,329,RPAP2
DNA-RNA cross-attention,0,,329,RPRD2
DNA-RNA cross-attention,0,,329,RPS6KA1
DNA-RNA cross-attention,0,,329,RTKN
DNA-RNA cross-attention,0,,329,RUNX3
DNA-RNA cross-attention,0,,329,S100A16
DNA-RNA cross-attention,0,,329,S100A7L2
DNA-RNA cross-attention,0,,329,SERTAD2
DNA-RNA cross-attention,0,,329,SH3BP5L
DNA-RNA cross-attention,0,,329,SHISA4
DNA-RNA cross-attention,0,,329,SLAMF6
DNA-RNA cross-attention,0,,329,SLC1A7
DNA-RNA cross-attention,0,,329,SLC2A7
DNA-RNA cross-attention,0,,329,SLC3A1
DNA-RNA cross-attention,0,,329,SLC41A1
DNA-RNA cross-attention,0,,329,SLC5A6
DNA-RNA cross-attention,0,,329,SLC6A9
DNA-RNA cross-attention,0,,329,SMG5
DNA-RNA cross-attention,0,,329,SMYD5
DNA-RNA cross-attention,0,,329,SNAPIN
DNA-RNA cross-attention,0,,329,SOS1
DNA-RNA cross-attention,0,,329,SPATA21
DNA-RNA cross-attention,0,,329,SPRR2E
DNA-RNA cross-attention,0,,329,SPRR2F
DNA-RNA cross-attention,0,,329,SRGAP2
DNA-RNA cross-attention,0,,329,SRSF7
DNA-RNA cross-attention,0,,329,ST6GALNAC5
DNA-RNA cross-attention,0,,329,STRIP1
DNA-RNA cross-attention,0,,329,SUSD4
DNA-RNA cross-attention,0,,329,SYT11
DNA-RNA cross-attention,0,,329,TACR1
DNA-RNA cross-attention,0,,329,TADA1
DNA-RNA cross-attention,0,,329,TAFA3
DNA-RNA cross-attention,0,,329,TARBP1
DNA-RNA cross-attention,0,,329,TARS2
DNA-RNA cross-attention,0,,329,TEKT2
DNA-RNA cross-attention,0,,329,TEX261
DNA-RNA cross-attention,0,,329,TEX38
DNA-RNA cross-attention,0,,329,TGFB2
DNA-RNA cross-attention,0,,329,TGFBR3
DNA-RNA cross-attention,0,,329,THADA
DNA-RNA cross-attention,0,,329,TMEM200B
DNA-RNA cross-attention,0,,329,TMEM222
DNA-RNA cross-attention,0,,329,TMEM234
DNA-RNA cross-attention,0,,329,TMEM275
DNA-RNA cross-attention,0,,329,TNFRSF14
DNA-RNA cross-attention,0,,329,TNN
DNA-RNA cross-attention,0,,329,TNNT2
DNA-RNA cross-attention,0,,329,TOGARAM2
DNA-RNA cross-attention,0,,329,TPM3
DNA-RNA cross-attention,0,,329,TPO
DNA-RNA cross-attention,0,,329,TPRG1L
DNA-RNA cross-attention,0,,329,TRABD2B
DNA-RNA cross-attention,0,,329,TRIB2
DNA-RNA cross-attention,0,,329,TRIM45
DNA-RNA cross-attention,0,,329,TRIM54
DNA-RNA cross-attention,0,,329,TRIM62
DNA-RNA cross-attention,0,,329,TRIM67
DNA-RNA cross-attention,0,,329,TRMT61B
DNA-RNA cross-attention,0,,329,TSPAN2
DNA-RNA cross-attention,0,,329,TTC24
DNA-RNA cross-attention,0,,329,TTC31
DNA-RNA cross-attention,0,,329,TTC39A
DNA-RNA cross-attention,0,,329,TTC7A
DNA-RNA cross-attention,0,,329,TTLL7
DNA-RNA cross-attention,0,,329,TUFT1
DNA-RNA cross-attention,0,,329,UBE2U
DNA-RNA cross-attention,0,,329,UBIAD1
DNA-RNA cross-attention,0,,329,UBQLN4
DNA-RNA cross-attention,0,,329,UBXN10
DNA-RNA cross-attention,0,,329,UBXN11
DNA-RNA cross-attention,0,,329,URB2
DNA-RNA cross-attention,0,,329,UROD
DNA-RNA cross-attention,0,,329,USF1
DNA-RNA cross-attention,0,,329,VAMP3
DNA-RNA cross-attention,0,,329,VPS54
DNA-RNA cross-attention,0,,329,WDTC1
DNA-RNA cross-attention,0,,329,XDH
DNA-RNA cross-attention,0,,329,ZBTB17
DNA-RNA cross-attention,0,,329,ZC3H11B
DNA-RNA cross-attention,0,,329,ZFP69B
DNA-RNA cross-attention,0,,329,ZNF496
DNA-RNA cross-attention,0,,329,ZNF678
DNA-RNA cross-attention,0,,329,ZNF687
DNA-RNA cross-attention,0,,329,ZNF692
DNA-RNA cross-attention,0,,329,ZYG11A
DNA-RNA cross-attention,0,,329,ZYG11B
DNA-RNA cross-attention,2,,299,A3GALT2
DNA-RNA cross-attention,2,,299,AAK1
DNA-RNA cross-attention,2,,299,ABCG5
DNA-RNA cross-attention,2,,299,ACKR1
DNA-RNA cross-attention,2,,299,ACP6
DNA-RNA cross-attention,2,,299,ACTG2
DNA-RNA cross-attention,2,,299,ADAMTS4
DNA-RNA cross-attention,2,,299,ADGRL4
DNA-RNA cross-attention,2,,299,AGO4
DNA-RNA cross-attention,2,,299,AIM2
DNA-RNA cross-attention,2,,299,AKT3
DNA-RNA cross-attention,2,,299,ALKAL2
DNA-RNA cross-attention,2,,299,ANGEL2
DNA-RNA cross-attention,2,,299,ANGPTL7
DNA-RNA cross-attention,2,,299,APLF
DNA-RNA cross-attention,2,,299,ARMH1
DNA-RNA cross-attention,2,,299,ASCL5
DNA-RNA cross-attention,2,,299,ATP13A2
DNA-RNA cross-attention,2,,299,ATP1B1
DNA-RNA cross-attention,2,,299,ATP2B4
DNA-RNA cross-attention,2,,299,ATP6V1B1
DNA-RNA cross-attention,2,,299,AZIN2
DNA-RNA cross-attention,2,,299,B3GALT2
DNA-RNA cross-attention,2,,299,BATF3
DNA-RNA cross-attention,2,,299,BCL11A
DNA-RNA cross-attention,2,,299,BCL2L15
DNA-RNA cross-attention,2,,299,BMP10
DNA-RNA cross-attention,2,,299,BSND
DNA-RNA cross-attention,2,,299,C1GALT1C1L
DNA-RNA cross-attention,2,,299,C1orf185
DNA-RNA cross-attention,2,,299,C1orf220
DNA-RNA cross-attention,2,,299,C1orf54
DNA-RNA cross-attention,2,,299,C1orf74
DNA-RNA cross-attention,2,,299,CALML6
DNA-RNA cross-attention,2,,299,CAMK1G
DNA-RNA cross-attention,2,,299,CAMK2N1
DNA-RNA cross-attention,2,,299,CAPN13
DNA-RNA cross-attention,2,,299,CAPN8
DNA-RNA cross-attention,2,,299,CASQ1
DNA-RNA cross-attention,2,,299,CASQ2
DNA-RNA cross-attention,2,,299,CCDC142
DNA-RNA cross-attention,2,,299,CCDC30
DNA-RNA cross-attention,2,,299,CD1A
DNA-RNA cross-attention,2,,299,CD1C
DNA-RNA cross-attention,2,,299,CD1D
DNA-RNA cross-attention,2,,299,CD244
DNA-RNA cross-attention,2,,299,CD34
DNA-RNA cross-attention,2,,299,CDCP2
DNA-RNA cross-attention,2,,299,CEP68
DNA-RNA cross-attention,2,,299,CFAP74
DNA-RNA cross-attention,2,,299,CFHR2
DNA-RNA cross-attention,2,,299,CHRM3
DNA-RNA cross-attention,2,,299,CLCA2
DNA-RNA cross-attention,2,,299,CLEC20A
DNA-RNA cross-attention,2,,299,CMPK2
DNA-RNA cross-attention,2,,299,CNIH3
DNA-RNA cross-attention,2,,299,CPLANE2
DNA-RNA cross-attention,2,,299,CRCT1
DNA-RNA cross-attention,2,,299,CSF3R
DNA-RNA cross-attention,2,,299,CSRP1
DNA-RNA cross-attention,2,,299,CTSS
DNA-RNA cross-attention,2,,299,CTTNBP2NL
DNA-RNA cross-attention,2,,299,CYB561D1
DNA-RNA cross-attention,2,,299,CYP4Z1
DNA-RNA cross-attention,2,,299,CYS1
DNA-RNA cross-attention,2,,299,DCDC2C
DNA-RNA cross-attention,2,,299,DCLRE1B
DNA-RNA cross-attention,2,,299,DDX59
DNA-RNA cross-attention,2,,299,DENND2C
DNA-RNA cross-attention,2,,299,DENND2D
DNA-RNA cross-attention,2,,299,DENND4B
DNA-RNA cross-attention,2,,299,DHX57
DNA-RNA cross-attention,2,,299,DIO1
DNA-RNA cross-attention,2,,299,DIPK1A
DNA-RNA cross-attention,2,,299,DNAJC27
DNA-RNA cross-attention,2,,299,DNM3
DNA-RNA cross-attention,2,,299,DOCK7
DNA-RNA cross-attention,2,,299,DPT
DNA-RNA cross-attention,2,,299,DQX1
DNA-RNA cross-attention,2,,299,EPHX4
DNA-RNA cross-attention,2,,299,ESPN
DNA-RNA cross-attention,2,,299,ETV3L
DNA-RNA cross-attention,2,,299,EVI5
DNA-RNA cross-attention,2,,299,FAM228B
DNA-RNA cross-attention,2,,299,FAM72A
DNA-RNA cross-attention,2,,299,FBLIM1
DNA-RNA cross-attention,2,,299,FBXO44
DNA-RNA cross-attention,2,,299,FBXO6
DNA-RNA cross-attention,2,,299,FCER1G
DNA-RNA cross-attention,2,,299,FCRL3
DNA-RNA cross-attention,2,,299,FCRL6
DNA-RNA cross-attention,2,,299,FCRLB
DNA-RNA cross-attention,2,,299,FGR
DNA-RNA cross-attention,2,,299,FLG
DNA-RNA cross-attention,2,,299,FLVCR1
DNA-RNA cross-attention,2,,299,FMO1
DNA-RNA cross-attention,2,,299,FOXE3
DNA-RNA cross-attention,2,,299,FRRS1
DNA-RNA cross-attention,2,,299,GALNT14
DNA-RNA cross-attention,2,,299,GATAD2B
DNA-RNA cross-attention,2,,299,GBP2
DNA-RNA cross-attention,2,,299,GBP6
DNA-RNA cross-attention,2,,299,GNG4
DNA-RNA cross-attention,2,,299,GOLPH3L
DNA-RNA cross-attention,2,,299,GPR137B
DNA-RNA cross-attention,2,,299,GPR157
DNA-RNA cross-attention,2,,299,GPR161
DNA-RNA cross-attention,2,,299,GPR25
DNA-RNA cross-attention,2,,299,GPX7
DNA-RNA cross-attention,2,,299,GRHL1
DNA-RNA cross-attention,2,,299,GSTM2
DNA-RNA cross-attention,2,,299,GSTM3
DNA-RNA cross-attention,2,,299,HAAO
DNA-RNA cross-attention,2,,299,HEYL
DNA-RNA cross-attention,2,,299,HFM1
DNA-RNA cross-attention,2,,299,HHAT
DNA-RNA cross-attention,2,,299,HHIPL2
DNA-RNA cross-attention,2,,299,HMGCL
DNA-RNA cross-attention,2,,299,HOOK1
DNA-RNA cross-attention,2,,299,HORMAD1
DNA-RNA cross-attention,2,,299,HPCA
DNA-RNA cross-attention,2,,299,HPDL
DNA-RNA cross-attention,2,,299,IAH1
DNA-RNA cross-attention,2,,299,ID2
DNA-RNA cross-attention,2,,299,IFFO2
DNA-RNA cross-attention,2,,299,IFNLR1
DNA-RNA cross-attention,2,,299,IGSF21
DNA-RNA cross-attention,2,,299,IL19
DNA-RNA cross-attention,2,,299,IRF6
DNA-RNA cross-attention,2,,299,ITLN1
DNA-RNA cross-attention,2,,299,ITPKB
DNA-RNA cross-attention,2,,299,KANK4
DNA-RNA cross-attention,2,,299,KCNA10
DNA-RNA cross-attention,2,,299,KCNA2
DNA-RNA cross-attention,2,,299,KCNN3
DNA-RNA cross-attention,2,,299,KCNS3
DNA-RNA cross-attention,2,,299,KIAA0040
DNA-RNA cross-attention,2,,299,KIF26B
DNA-RNA cross-attention,2,,299,KLHDC7A
DNA-RNA cross-attention,2,,299,KLHDC8A
DNA-RNA cross-attention,2,,299,KLHL20
DNA-RNA cross-attention,2,,299,LAD1
DNA-RNA cross-attention,2,,299,LAMC2
DNA-RNA cross-attention,2,,299,LBH
DNA-RNA cross-attention,2,,299,LCE4A
DNA-RNA cross-attention,2,,299,LDLRAD2
DNA-RNA cross-attention,2,,299,LGALS8
DNA-RNA cross-attention,2,,299,LHX8
DNA-RNA cross-attention,2,,299,LINC00862
DNA-RNA cross-attention,2,,299,LIX1L
DNA-RNA cross-attention,2,,299,LRRC39
DNA-RNA cross-attention,2,,299,LRRC7
DNA-RNA cross-attention,2,,299,LRRC8D
DNA-RNA cross-attention,2,,299,LRRIQ3
DNA-RNA cross-attention,2,,299,LUZP1
DNA-RNA cross-attention,2,,299,LYSMD1
DNA-RNA cross-attention,2,,299,LYST
DNA-RNA cross-attention,2,,299,M1AP
DNA-RNA cross-attention,2,,299,MAN1C1
DNA-RNA cross-attention,2,,299,MAP10
DNA-RNA cross-attention,2,,299,MAP1LC3C
DNA-RNA cross-attention,2,,299,MASP2
DNA-RNA cross-attention,2,,299,MCEE
DNA-RNA cross-attention,2,,299,MCOLN3
DNA-RNA cross-attention,2,,299,MEF2D
DNA-RNA cross-attention,2,,299,MFAP2
DNA-RNA cross-attention,2,,299,MIB2
DNA-RNA cross-attention,2,,299,MIGA1
DNA-RNA cross-attention,2,,299,MR1
DNA-RNA cross-attention,2,,299,MSGN1
DNA-RNA cross-attention,2,,299,MSH4
DNA-RNA cross-attention,2,,299,MXRA8
DNA-RNA cross-attention,2,,299,MYCL
DNA-RNA cross-attention,2,,299,MYOM3
DNA-RNA cross-attention,2,,299,MYT1L
DNA-RNA cross-attention,2,,299,NAT8
DNA-RNA cross-attention,2,,299,NBL1
DNA-RNA cross-attention,2,,299,NBPF19
DNA-RNA cross-attention,2,,299,NBPF9
DNA-RNA cross-attention,2,,299,NHLH2
DNA-RNA cross-attention,2,,299,NKAIN1
DNA-RNA cross-attention,2,,299,NMNAT2
DNA-RNA cross-attention,2,,299,NOTCH2
DNA-RNA cross-attention,2,,299,NOTCH2NLA
DNA-RNA cross-attention,2,,299,NPPB
DNA-RNA cross-attention,2,,299,OBSCN-AS1
DNA-RNA cross-attention,2,,299,OR14K1
DNA-RNA cross-attention,2,,299,OR2T3
DNA-RNA cross-attention,2,,299,OR2T34
DNA-RNA cross-attention,2,,299,OR2T35
DNA-RNA cross-attention,2,,299,OR2T8
DNA-RNA cross-attention,2,,299,OR6K2
DNA-RNA cross-attention,2,,299,OR6K6
DNA-RNA cross-attention,2,,299,OR6N2
DNA-RNA cross-attention,2,,299,ORC1
DNA-RNA cross-attention,2,,299,OXCT2
DNA-RNA cross-attention,2,,299,PCNX2
DNA-RNA cross-attention,2,,299,PELI1
DNA-RNA cross-attention,2,,299,PERM1
DNA-RNA cross-attention,2,,299,PEX13
DNA-RNA cross-attention,2,,299,PEX19
DNA-RNA cross-attention,2,,299,PIGV
DNA-RNA cross-attention,2,,299,PIK3CD
DNA-RNA cross-attention,2,,299,PLA2G2E
DNA-RNA cross-attention,2,,299,PLEKHN1
DNA-RNA cross-attention,2,,299,PLEKHO1
DNA-RNA cross-attention,2,,299,PM20D1
DNA-RNA cross-attention,2,,299,POU3F1
DNA-RNA cross-attention,2,,299,PPFIA4
DNA-RNA cross-attention,2,,299,PPIAL4A
DNA-RNA cross-attention,2,,299,PPIAL4F
DNA-RNA cross-attention,2,,299,PPM1J
DNA-RNA cross-attention,2,,299,PPP1R21
DNA-RNA cross-attention,2,,299,PRAMEF12
DNA-RNA cross-attention,2,,299,PRAMEF20
DNA-RNA cross-attention,2,,299,PRKAB2
DNA-RNA cross-attention,2,,299,PROKR1
DNA-RNA cross-attention,2,,299,PSEN2
DNA-RNA cross-attention,2,,299,PTCH2
DNA-RNA cross-attention,2,,299,PTGFR
DNA-RNA cross-attention,2,,299,PUS10
DNA-RNA cross-attention,2,,299,RAB7B
DNA-RNA cross-attention,2,,299,RASAL2
DNA-RNA cross-attention,2,,299,RASGRP3
DNA-RNA cross-attention,2,,299,REG1B
DNA-RNA cross-attention,2,,299,RGS8
DNA-RNA cross-attention,2,,299,RHBDL2
DNA-RNA cross-attention,2,,299,RHBG
DNA-RNA cross-attention,2,,299,RHOU
DNA-RNA cross-attention,2,,299,RNPC3
DNA-RNA cross-attention,2,,299,ROR1
DNA-RNA cross-attention,2,,299,RSPO1
DNA-RNA cross-attention,2,,299,RUSC1-AS1
DNA-RNA cross-attention,2,,299,S100A4
DNA-RNA cross-attention,2,,299,S1PR1
DNA-RNA cross-attention,2,,299,SAMD11
DNA-RNA cross-attention,2,,299,SCMH1
DNA-RNA cross-attention,2,,299,SERINC2
DNA-RNA cross-attention,2,,299,SERPINC1
DNA-RNA cross-attention,2,,299,SFN
DNA-RNA cross-attention,2,,299,SFXN5
DNA-RNA cross-attention,2,,299,SH2D1B
DNA-RNA cross-attention,2,,299,SH2D5
DNA-RNA cross-attention,2,,299,SH3YL1
DNA-RNA cross-attention,2,,299,SIX2
DNA-RNA cross-attention,2,,299,SLAMF1
DNA-RNA cross-attention,2,,299,SLAMF8
DNA-RNA cross-attention,2,,299,SLC1A4
DNA-RNA cross-attention,2,,299,SLC45A3
DNA-RNA cross-attention,2,,299,SLC5A9
DNA-RNA cross-attention,2,,299,SLC6A17
DNA-RNA cross-attention,2,,299,SLC9A1
DNA-RNA cross-attention,2,,299,SLC9C2
DNA-RNA cross-attention,2,,299,SNX7
DNA-RNA cross-attention,2,,299,SPAG17
DNA-RNA cross-attention,2,,299,SPRR5
DNA-RNA cross-attention,2,,299,SRGAP2B
DNA-RNA cross-attention,2,,299,SSBP3-AS1
DNA-RNA cross-attention,2,,299,STX6
DNA-RNA cross-attention,2,,299,STXBP3
DNA-RNA cross-attention,2,,299,SYCP1
DNA-RNA cross-attention,2,,299,SYDE2
DNA-RNA cross-attention,2,,299,SYT6
DNA-RNA cross-attention,2,,299,TBX19
DNA-RNA cross-attention,2,,299,TCEANC2
DNA-RNA cross-attention,2,,299,TDRD5
DNA-RNA cross-attention,2,,299,TENT5B
DNA-RNA cross-attention,2,,299,TEX35
DNA-RNA cross-attention,2,,299,THEM5
DNA-RNA cross-attention,2,,299,TLR5
DNA-RNA cross-attention,2,,299,TMEM125
DNA-RNA cross-attention,2,,299,TMEM17
DNA-RNA cross-attention,2,,299,TMEM53
DNA-RNA cross-attention,2,,299,TMEM61
DNA-RNA cross-attention,2,,299,TMEM82
DNA-RNA cross-attention,2,,299,TMIGD3
DNA-RNA cross-attention,2,,299,TNFRSF25
DNA-RNA cross-attention,2,,299,TNFRSF4
DNA-RNA cross-attention,2,,299,TNNI3K
DNA-RNA cross-attention,2,,299,TOR1AIP1
DNA-RNA cross-attention,2,,299,TP73
DNA-RNA cross-attention,2,,299,TRAF5
DNA-RNA cross-attention,2,,299,TRIM17
DNA-RNA cross-attention,2,,299,TSACC
DNA-RNA cross-attention,2,,299,UCN
DNA-RNA cross-attention,2,,299,VSIG8
DNA-RNA cross-attention,2,,299,VWA5B1
DNA-RNA cross-attention,2,,299,WDR54
DNA-RNA cross-attention,2,,299,WDR64
DNA-RNA cross-attention,2,,299,YIPF1
DNA-RNA cross-attention,2,,299,ZBED6
DNA-RNA cross-attention,2,,299,ZBTB48
DNA-RNA cross-attention,2,,299,ZBTB8A
DNA-RNA cross-attention,2,,299,ZC3H11A
DNA-RNA cross-attention,2,,299,ZMYM6
DNA-RNA cross-attention,2,,299,ZNF362
DNA-RNA cross-attention,2,,299,ZNF436-AS1
DNA-RNA cross-attention,2,,299,ZNF683
DNA-RNA cross-attention,2,,299,ZSWIM5
DNA-RNA cross-attention,1,,294,ABL2
DNA-RNA cross-attention,1,,294,ACAP3
DNA-RNA cross-attention,1,,294,ACTRT2
DNA-RNA cross-attention,1,,294,ADAM15
DNA-RNA cross-attention,1,,294,ADAM17
DNA-RNA cross-attention,1,,294,ADCY3
DNA-RNA cross-attention,1,,294,AGBL5
DNA-RNA cross-attention,1,,294,AGRN
DNA-RNA cross-attention,1,,294,AGT
DNA-RNA cross-attention,1,,294,AIDA
DNA-RNA cross-attention,1,,294,ALG14
DNA-RNA cross-attention,1,,294,ALG6
DNA-RNA cross-attention,1,,294,ALX3
DNA-RNA cross-attention,1,,294,AMIGO1
DNA-RNA cross-attention,1,,294,AMPD2
DNA-RNA cross-attention,1,,294,AMY2B
DNA-RNA cross-attention,1,,294,ANKRD35
DNA-RNA cross-attention,1,,294,APOA2
DNA-RNA cross-attention,1,,294,APOBEC4
DNA-RNA cross-attention,1,,294,AQP10
DNA-RNA cross-attention,1,,294,ARHGEF33
DNA-RNA cross-attention,1,,294,ASAP3
DNA-RNA cross-attention,1,,294,ASB3
DNA-RNA cross-attention,1,,294,ASTN1
DNA-RNA cross-attention,1,,294,ATP1A4
DNA-RNA cross-attention,1,,294,ATP6V1C2
DNA-RNA cross-attention,1,,294,ATP8B2
DNA-RNA cross-attention,1,,294,BCAR3
DNA-RNA cross-attention,1,,294,BCL9
DNA-RNA cross-attention,1,,294,BEND5
DNA-RNA cross-attention,1,,294,BGLAP
DNA-RNA cross-attention,1,,294,BNIPL
DNA-RNA cross-attention,1,,294,BPNT1
DNA-RNA cross-attention,1,,294,C1orf141
DNA-RNA cross-attention,1,,294,C1orf162
DNA-RNA cross-attention,1,,294,C1orf226
DNA-RNA cross-attention,1,,294,C1orf94
DNA-RNA cross-attention,1,,294,C4BPA
DNA-RNA cross-attention,1,,294,CA6
DNA-RNA cross-attention,1,,294,CACNA1S
DNA-RNA cross-attention,1,,294,CAPN9
DNA-RNA cross-attention,1,,294,CASP9
DNA-RNA cross-attention,1,,294,CCDC121
DNA-RNA cross-attention,1,,294,CCDC163
DNA-RNA cross-attention,1,,294,CCDC190
DNA-RNA cross-attention,1,,294,CD1E
DNA-RNA cross-attention,1,,294,CD207
DNA-RNA cross-attention,1,,294,CDC42SE1
DNA-RNA cross-attention,1,,294,CDKL4
DNA-RNA cross-attention,1,,294,CELA2A
DNA-RNA cross-attention,1,,294,CELSR2
DNA-RNA cross-attention,1,,294,CENPS
DNA-RNA cross-attention,1,,294,CFHR1
DNA-RNA cross-attention,1,,294,CGN
DNA-RNA cross-attention,1,,294,CHIA
DNA-RNA cross-attention,1,,294,CNR2
DNA-RNA cross-attention,1,,294,CNTN2
DNA-RNA cross-attention,1,,294,COL24A1
DNA-RNA cross-attention,1,,294,COL9A2
DNA-RNA cross-attention,1,,294,CORT
DNA-RNA cross-attention,1,,294,CPTP
DNA-RNA cross-attention,1,,294,CRIM1
DNA-RNA cross-attention,1,,294,CTH
DNA-RNA cross-attention,1,,294,CTRC
DNA-RNA cross-attention,1,,294,CTSK
DNA-RNA cross-attention,1,,294,CYB5R1
DNA-RNA cross-attention,1,,294,CYB5RL
DNA-RNA cross-attention,1,,294,CYP2J2
DNA-RNA cross-attention,1,,294,DCST2
DNA-RNA cross-attention,1,,294,DCTN1
DNA-RNA cross-attention,1,,294,DEDD
DNA-RNA cross-attention,1,,294,DNAJC5G
DNA-RNA cross-attention,1,,294,DNMT3A
DNA-RNA cross-attention,1,,294,DPM3
DNA-RNA cross-attention,1,,294,DTNB
DNA-RNA cross-attention,1,,294,DUSP10
DNA-RNA cross-attention,1,,294,DVL1
DNA-RNA cross-attention,1,,294,EBNA1BP2
DNA-RNA cross-attention,1,,294,EDARADD
DNA-RNA cross-attention,1,,294,EFNA3
DNA-RNA cross-attention,1,,294,EFR3B
DNA-RNA cross-attention,1,,294,EGR4
DNA-RNA cross-attention,1,,294,EIPR1
DNA-RNA cross-attention,1,,294,ELAVL4
DNA-RNA cross-attention,1,,294,ELF3
DNA-RNA cross-attention,1,,294,EPHA10
DNA-RNA cross-attention,1,,294,EPS8L3
DNA-RNA cross-attention,1,,294,EVA1A
DNA-RNA cross-attention,1,,294,EXTL1
DNA-RNA cross-attention,1,,294,F3
DNA-RNA cross-attention,1,,294,FAM110D
DNA-RNA cross-attention,1,,294,FAM72D
DNA-RNA cross-attention,1,,294,FAM76A
DNA-RNA cross-attention,1,,294,FBXO48
DNA-RNA cross-attention,1,,294,FCGR1A
DNA-RNA cross-attention,1,,294,FCGR2B
DNA-RNA cross-attention,1,,294,FCRL1
DNA-RNA cross-attention,1,,294,FCRL2
DNA-RNA cross-attention,1,,294,FCRL4
DNA-RNA cross-attention,1,,294,FH
DNA-RNA cross-attention,1,,294,FMN2
DNA-RNA cross-attention,1,,294,FMO2
DNA-RNA cross-attention,1,,294,FMO5
DNA-RNA cross-attention,1,,294,FMOD
DNA-RNA cross-attention,1,,294,FNDC7
DNA-RNA cross-attention,1,,294,FOXJ3
DNA-RNA cross-attention,1,,294,FSHR
DNA-RNA cross-attention,1,,294,GADD45A
DNA-RNA cross-attention,1,,294,GALNT2
DNA-RNA cross-attention,1,,294,GAREM2
DNA-RNA cross-attention,1,,294,GBP3
DNA-RNA cross-attention,1,,294,GPA33
DNA-RNA cross-attention,1,,294,GPATCH2
DNA-RNA cross-attention,1,,294,GTF3C2
DNA-RNA cross-attention,1,,294,HCN3
DNA-RNA cross-attention,1,,294,HCRTR1
DNA-RNA cross-attention,1,,294,HLX
DNA-RNA cross-attention,1,,294,HRNR
DNA-RNA cross-attention,1,,294,HTR1D
DNA-RNA cross-attention,1,,294,IBA57
DNA-RNA cross-attention,1,,294,IFI6
DNA-RNA cross-attention,1,,294,IGFN1
DNA-RNA cross-attention,1,,294,IGSF3
DNA-RNA cross-attention,1,,294,IKBKE
DNA-RNA cross-attention,1,,294,IL24
DNA-RNA cross-attention,1,,294,INKA2
DNA-RNA cross-attention,1,,294,INTS11
DNA-RNA cross-attention,1,,294,ISG15
DNA-RNA cross-attention,1,,294,JMJD4
DNA-RNA cross-attention,1,,294,KCNF1
DNA-RNA cross-attention,1,,294,KCNK2
DNA-RNA cross-attention,1,,294,KCNK3
DNA-RNA cross-attention,1,,294,KIF21B
DNA-RNA cross-attention,1,,294,LAMC1
DNA-RNA cross-attention,1,,294,LAPTM5
DNA-RNA cross-attention,1,,294,LBX2
DNA-RNA cross-attention,1,,294,LCE1E
DNA-RNA cross-attention,1,,294,LCE2B
DNA-RNA cross-attention,1,,294,LCE3D
DNA-RNA cross-attention,1,,294,LGR6
DNA-RNA cross-attention,1,,294,LINC00299
DNA-RNA cross-attention,1,,294,LINGO4
DNA-RNA cross-attention,1,,294,LPGAT1
DNA-RNA cross-attention,1,,294,LRIG2
DNA-RNA cross-attention,1,,294,LRRC52
DNA-RNA cross-attention,1,,294,LRRC53
DNA-RNA cross-attention,1,,294,LYPLAL1
DNA-RNA cross-attention,1,,294,MAB21L3
DNA-RNA cross-attention,1,,294,MAEL
DNA-RNA cross-attention,1,,294,MAGI3
DNA-RNA cross-attention,1,,294,MANEAL
DNA-RNA cross-attention,1,,294,MAP3K21
DNA-RNA cross-attention,1,,294,MAPKAPK2
DNA-RNA cross-attention,1,,294,MATN1
DNA-RNA cross-attention,1,,294,MECR
DNA-RNA cross-attention,1,,294,MEMO1
DNA-RNA cross-attention,1,,294,MKNK1
DNA-RNA cross-attention,1,,294,MORN2
DNA-RNA cross-attention,1,,294,MPL
DNA-RNA cross-attention,1,,294,MRPL20
DNA-RNA cross-attention,1,,294,MRPL33
DNA-RNA cross-attention,1,,294,MRPS14
DNA-RNA cross-attention,1,,294,MUC1
DNA-RNA cross-attention,1,,294,MYBPH
DNA-RNA cross-attention,1,,294,MYCNOS
DNA-RNA cross-attention,1,,294,NAV1
DNA-RNA cross-attention,1,,294,NBPF12
DNA-RNA cross-attention,1,,294,NBPF20
DNA-RNA cross-attention,1,,294,NBPF26
DNA-RNA cross-attention,1,,294,NEGR1
DNA-RNA cross-attention,1,,294,NFASC
DNA-RNA cross-attention,1,,294,NFU1
DNA-RNA cross-attention,1,,294,NIPAL3
DNA-RNA cross-attention,1,,294,NME7
DNA-RNA cross-attention,1,,294,NOTO
DNA-RNA cross-attention,1,,294,NPHP4
DNA-RNA cross-attention,1,,294,NR0B2
DNA-RNA cross-attention,1,,294,NTNG1
DNA-RNA cross-attention,1,,294,NUCKS1
DNA-RNA cross-attention,1,,294,NUDT17
DNA-RNA cross-attention,1,,294,NUDT4B
DNA-RNA cross-attention,1,,294,NUP133
DNA-RNA cross-attention,1,,294,OBSCN
DNA-RNA cross-attention,1,,294,OLFM3
DNA-RNA cross-attention,1,,294,OLFML2B
DNA-RNA cross-attention,1,,294,OR13G1
DNA-RNA cross-attention,1,,294,OR14I1
DNA-RNA cross-attention,1,,294,OR1C1
DNA-RNA cross-attention,1,,294,OR2B11
DNA-RNA cross-attention,1,,294,OR2L5
DNA-RNA cross-attention,1,,294,OR2T2
DNA-RNA cross-attention,1,,294,OR2T29
DNA-RNA cross-attention,1,,294,OR2W3
DNA-RNA cross-attention,1,,294,OR6K3
DNA-RNA cross-attention,1,,294,PADI1
DNA-RNA cross-attention,1,,294,PGBD2
DNA-RNA cross-attention,1,,294,PGM1
DNA-RNA cross-attention,1,,294,PHACTR4
DNA-RNA cross-attention,1,,294,PLA2G4A
DNA-RNA cross-attention,1,,294,PLB1
DNA-RNA cross-attention,1,,294,PLXNA2
DNA-RNA cross-attention,1,,294,PMF1
DNA-RNA cross-attention,1,,294,PPP1R15B
DNA-RNA cross-attention,1,,294,PRADC1
DNA-RNA cross-attention,1,,294,PRAMEF11
DNA-RNA cross-attention,1,,294,PRAMEF4
DNA-RNA cross-attention,1,,294,PRKAA2
DNA-RNA cross-attention,1,,294,PRMT6
DNA-RNA cross-attention,1,,294,PRR30
DNA-RNA cross-attention,1,,294,PRSS38
DNA-RNA cross-attention,1,,294,PTAFR
DNA-RNA cross-attention,1,,294,PTPN22
DNA-RNA cross-attention,1,,294,QSOX1
DNA-RNA cross-attention,1,,294,RBM15
DNA-RNA cross-attention,1,,294,RDH14
DNA-RNA cross-attention,1,,294,REG1A
DNA-RNA cross-attention,1,,294,RGS7
DNA-RNA cross-attention,1,,294,RGSL1
DNA-RNA cross-attention,1,,294,RHOB
DNA-RNA cross-attention,1,,294,RMDN2
DNA-RNA cross-attention,1,,294,RNF186
DNA-RNA cross-attention,1,,294,RNF19B
DNA-RNA cross-attention,1,,294,RPL22
DNA-RNA cross-attention,1,,294,RPS27A
DNA-RNA cross-attention,1,,294,RPS6KC1
DNA-RNA cross-attention,1,,294,RPS8
DNA-RNA cross-attention,1,,294,RWDD3
DNA-RNA cross-attention,1,,294,S100A7
DNA-RNA cross-attention,1,,294,SELL
DNA-RNA cross-attention,1,,294,SEMA4A
DNA-RNA cross-attention,1,,294,SERTAD4
DNA-RNA cross-attention,1,,294,SH3BGRL3
DNA-RNA cross-attention,1,,294,SLC16A4
DNA-RNA cross-attention,1,,294,SLC26A9
DNA-RNA cross-attention,1,,294,SLC30A7
DNA-RNA cross-attention,1,,294,SLC45A1
DNA-RNA cross-attention,1,,294,SLFNL1
DNA-RNA cross-attention,1,,294,SMPDL3B
DNA-RNA cross-attention,1,,294,SMYD3
DNA-RNA cross-attention,1,,294,SNIP1
DNA-RNA cross-attention,1,,294,SOX13
DNA-RNA cross-attention,1,,294,SPOCD1
DNA-RNA cross-attention,1,,294,SPRR3
DNA-RNA cross-attention,1,,294,SRD5A2
DNA-RNA cross-attention,1,,294,SRSF11
DNA-RNA cross-attention,1,,294,STK40
DNA-RNA cross-attention,1,,294,SYNC
DNA-RNA cross-attention,1,,294,SYT14
DNA-RNA cross-attention,1,,294,SZRD1
DNA-RNA cross-attention,1,,294,TAF1B
DNA-RNA cross-attention,1,,294,TAF5L
DNA-RNA cross-attention,1,,294,TBX15
DNA-RNA cross-attention,1,,294,TCEA3
DNA-RNA cross-attention,1,,294,TCHH
DNA-RNA cross-attention,1,,294,TDRD15
DNA-RNA cross-attention,1,,294,TDRKH
DNA-RNA cross-attention,1,,294,TEX50
DNA-RNA cross-attention,1,,294,TFAP2E
DNA-RNA cross-attention,1,,294,TIE1
DNA-RNA cross-attention,1,,294,TMEM178A
DNA-RNA cross-attention,1,,294,TMEM214
DNA-RNA cross-attention,1,,294,TMEM240
DNA-RNA cross-attention,1,,294,TMEM52
DNA-RNA cross-attention,1,,294,TMEM63A
DNA-RNA cross-attention,1,,294,TMSB10
DNA-RNA cross-attention,1,,294,TNFAIP8L2
DNA-RNA cross-attention,1,,294,TNFRSF1B
DNA-RNA cross-attention,1,,294,TNNI1
DNA-RNA cross-attention,1,,294,TOR3A
DNA-RNA cross-attention,1,,294,TP53BP2
DNA-RNA cross-attention,1,,294,TRAPPC12
DNA-RNA cross-attention,1,,294,TSHB
DNA-RNA cross-attention,1,,294,TSPAN1
DNA-RNA cross-attention,1,,294,TSSK3
DNA-RNA cross-attention,1,,294,TTC34
DNA-RNA cross-attention,1,,294,TXNIP
DNA-RNA cross-attention,1,,294,VAV3
DNA-RNA cross-attention,1,,294,VAX2
DNA-RNA cross-attention,1,,294,VIT
DNA-RNA cross-attention,1,,294,WARS2
DNA-RNA cross-attention,1,,294,WBP1
DNA-RNA cross-attention,1,,294,WDPCP
DNA-RNA cross-attention,1,,294,WDR35
DNA-RNA cross-attention,1,,294,WDR47
DNA-RNA cross-attention,1,,294,WNT2B
DNA-RNA cross-attention,1,,294,YBX1
DNA-RNA cross-attention,1,,294,YWHAQ
DNA-RNA cross-attention,1,,294,ZBTB7B
DNA-RNA cross-attention,1,,294,ZBTB8B
DNA-RNA cross-attention,1,,294,ZC3H12A
DNA-RNA cross-attention,1,,294,ZNF436
DNA-RNA cross-attention,1,,294,ZNF648
DNA-RNA cross-attention,1,,294,ZNF691
DNA-RNA cross-attention,1,,294,ZP4
DNA-RNA cross-attention,3,C3,165,ADAR
DNA-RNA cross-attention,3,C3,165,ADI1
DNA-RNA cross-attention,3,C3,165,AFTPH
DNA-RNA cross-attention,3,C3,165,AHCTF1
DNA-RNA cross-attention,3,C3,165,AKR7A2
DNA-RNA cross-attention,3,C3,165,ARID1A
DNA-RNA cross-attention,3,C3,165,ARID4B
DNA-RNA cross-attention,3,C3,165,ARV1
DNA-RNA cross-attention,3,C3,165,ASAP2
DNA-RNA cross-attention,3,C3,165,ASH1L
DNA-RNA cross-attention,3,C3,165,ATF3
DNA-RNA cross-attention,3,C3,165,ATP5PB
DNA-RNA cross-attention,3,C3,165,B4GALT3
DNA-RNA cross-attention,3,C3,165,BCAS2
DNA-RNA cross-attention,3,C3,165,BIRC6
DNA-RNA cross-attention,3,C3,165,C1orf174
DNA-RNA cross-attention,3,C3,165,C1orf43
DNA-RNA cross-attention,3,C3,165,C1orf52
DNA-RNA cross-attention,3,C3,165,CACYBP
DNA-RNA cross-attention,3,C3,165,CAMTA1
DNA-RNA cross-attention,3,C3,165,CAP1
DNA-RNA cross-attention,3,C3,165,CAPN2
DNA-RNA cross-attention,3,C3,165,CAPZA1
DNA-RNA cross-attention,3,C3,165,CCDC88A
DNA-RNA cross-attention,3,C3,165,CCSAP
DNA-RNA cross-attention,3,C3,165,CCT4
DNA-RNA cross-attention,3,C3,165,CCT7
DNA-RNA cross-attention,3,C3,165,CDC42BPA
DNA-RNA cross-attention,3,C3,165,CDC73
DNA-RNA cross-attention,3,C3,165,CDK11B
DNA-RNA cross-attention,3,C3,165,CEP170
DNA-RNA cross-attention,3,C3,165,CEP350
DNA-RNA cross-attention,3,C3,165,CFH
DNA-RNA cross-attention,3,C3,165,CLHC1
DNA-RNA cross-attention,3,C3,165,CLIC4
DNA-RNA cross-attention,3,C3,165,CLIP4
DNA-RNA cross-attention,3,C3,165,DDX1
DNA-RNA cross-attention,3,C3,165,DEPDC1
DNA-RNA cross-attention,3,C3,165,DFFA
DNA-RNA cross-attention,3,C3,165,DNAJC8
DNA-RNA cross-attention,3,C3,165,EDEM3
DNA-RNA cross-attention,3,C3,165,EIF2B3
DNA-RNA cross-attention,3,C3,165,EIF2B4
DNA-RNA cross-attention,3,C3,165,EIF4G3
DNA-RNA cross-attention,3,C3,165,ENO1
DNA-RNA cross-attention,3,C3,165,EXOC8
DNA-RNA cross-attention,3,C3,165,EXOSC10
DNA-RNA cross-attention,3,C3,165,EYA3
DNA-RNA cross-attention,3,C3,165,F11R
DNA-RNA cross-attention,3,C3,165,FAM72B
DNA-RNA cross-attention,3,C3,165,FHL3
DNA-RNA cross-attention,3,C3,165,FNBP1L
DNA-RNA cross-attention,3,C3,165,GALE
DNA-RNA cross-attention,3,C3,165,GNB1
DNA-RNA cross-attention,3,C3,165,GPBP1L1
DNA-RNA cross-attention,3,C3,165,GSTM4
DNA-RNA cross-attention,3,C3,165,HADHB
DNA-RNA cross-attention,3,C3,165,HAX1
DNA-RNA cross-attention,3,C3,165,HDAC1
DNA-RNA cross-attention,3,C3,165,HIPK1
DNA-RNA cross-attention,3,C3,165,HNRNPR
DNA-RNA cross-attention,3,C3,165,HP1BP3
DNA-RNA cross-attention,3,C3,165,HTRA2
DNA-RNA cross-attention,3,C3,165,ILF2
DNA-RNA cross-attention,3,C3,165,KDM1A
DNA-RNA cross-attention,3,C3,165,KIAA2013
DNA-RNA cross-attention,3,C3,165,KIF2C
DNA-RNA cross-attention,3,C3,165,LBR
DNA-RNA cross-attention,3,C3,165,LMNA
DNA-RNA cross-attention,3,C3,165,LPIN1
DNA-RNA cross-attention,3,C3,165,LRATD1
DNA-RNA cross-attention,3,C3,165,LRIF1
DNA-RNA cross-attention,3,C3,165,LRRC47
DNA-RNA cross-attention,3,C3,165,LZIC
DNA-RNA cross-attention,3,C3,165,MACF1
DNA-RNA cross-attention,3,C3,165,MACO1
DNA-RNA cross-attention,3,C3,165,MAD2L2
DNA-RNA cross-attention,3,C3,165,MAGOH
DNA-RNA cross-attention,3,C3,165,MEAF6
DNA-RNA cross-attention,3,C3,165,MIIP
DNA-RNA cross-attention,3,C3,165,MPZL1
DNA-RNA cross-attention,3,C3,165,MRPL24
DNA-RNA cross-attention,3,C3,165,MTF2
DNA-RNA cross-attention,3,C3,165,MTIF2
DNA-RNA cross-attention,3,C3,165,MXD1
DNA-RNA cross-attention,3,C3,165,NAXE
DNA-RNA cross-attention,3,C3,165,NEK7
DNA-RNA cross-attention,3,C3,165,NOC2L
DNA-RNA cross-attention,3,C3,165,NOL9
DNA-RNA cross-attention,3,C3,165,OR14C36
DNA-RNA cross-attention,3,C3,165,OTUD3
DNA-RNA cross-attention,3,C3,165,PABPC4
DNA-RNA cross-attention,3,C3,165,PAPOLG
DNA-RNA cross-attention,3,C3,165,PHGDH
DNA-RNA cross-attention,3,C3,165,PITHD1
DNA-RNA cross-attention,3,C3,165,PKN2
DNA-RNA cross-attention,3,C3,165,PNPT1
DNA-RNA cross-attention,3,C3,165,PNRC2
DNA-RNA cross-attention,3,C3,165,PPIH
DNA-RNA cross-attention,3,C3,165,PPP3R1
DNA-RNA cross-attention,3,C3,165,PRPF3
DNA-RNA cross-attention,3,C3,165,PRPF38B
DNA-RNA cross-attention,3,C3,165,PRRC2C
DNA-RNA cross-attention,3,C3,165,PSME4
DNA-RNA cross-attention,3,C3,165,PUM1
DNA-RNA cross-attention,3,C3,165,RAB1A
DNA-RNA cross-attention,3,C3,165,RBBP4
DNA-RNA cross-attention,3,C3,165,RBM8A
DNA-RNA cross-attention,3,C3,165,RC3H1
DNA-RNA cross-attention,3,C3,165,RCC2
DNA-RNA cross-attention,3,C3,165,REL
DNA-RNA cross-attention,3,C3,165,RIT1
DNA-RNA cross-attention,3,C3,165,RNF2
DNA-RNA cross-attention,3,C3,165,RO60
DNA-RNA cross-attention,3,C3,165,RPA2
DNA-RNA cross-attention,3,C3,165,RSBN1
DNA-RNA cross-attention,3,C3,165,RUSC1
DNA-RNA cross-attention,3,C3,165,S100A10
DNA-RNA cross-attention,3,C3,165,SETDB1
DNA-RNA cross-attention,3,C3,165,SF3A3
DNA-RNA cross-attention,3,C3,165,SF3B4
DNA-RNA cross-attention,3,C3,165,SFPQ
DNA-RNA cross-attention,3,C3,165,SH3GLB1
DNA-RNA cross-attention,3,C3,165,SLC19A2
DNA-RNA cross-attention,3,C3,165,SLC25A33
DNA-RNA cross-attention,3,C3,165,SLC66A1
DNA-RNA cross-attention,3,C3,165,SMIM12
DNA-RNA cross-attention,3,C3,165,SNHG12
DNA-RNA cross-attention,3,C3,165,SNRNP27
DNA-RNA cross-attention,3,C3,165,SNRNP40
DNA-RNA cross-attention,3,C3,165,SNRPG
DNA-RNA cross-attention,3,C3,165,SOCS5
DNA-RNA cross-attention,3,C3,165,SORT1
DNA-RNA cross-attention,3,C3,165,SRSF10
DNA-RNA cross-attention,3,C3,165,SRSF4
DNA-RNA cross-attention,3,C3,165,STIL
DNA-RNA cross-attention,3,C3,165,SYF2
DNA-RNA cross-attention,3,C3,165,TAF12
DNA-RNA cross-attention,3,C3,165,THAP3
DNA-RNA cross-attention,3,C3,165,THEM4
DNA-RNA cross-attention,3,C3,165,THUMPD2
DNA-RNA cross-attention,3,C3,165,TMED5
DNA-RNA cross-attention,3,C3,165,TOR1AIP2
DNA-RNA cross-attention,3,C3,165,TPR
DNA-RNA cross-attention,3,C3,165,TPRKB
DNA-RNA cross-attention,3,C3,165,TRIM33
DNA-RNA cross-attention,3,C3,165,TRMT1L
DNA-RNA cross-attention,3,C3,165,TUT4
DNA-RNA cross-attention,3,C3,165,UBAP2L
DNA-RNA cross-attention,3,C3,165,UCHL5
DNA-RNA cross-attention,3,C3,165,UHMK1
DNA-RNA cross-attention,3,C3,165,USP48
DNA-RNA cross-attention,3,C3,165,VPS13D
DNA-RNA cross-attention,3,C3,165,WASF2
DNA-RNA cross-attention,3,C3,165,WDR3
DNA-RNA cross-attention,3,C3,165,XPO1
DNA-RNA cross-attention,3,C3,165,YOD1
DNA-RNA cross-attention,3,C3,165,YTHDF2
DNA-RNA cross-attention,3,C3,165,YY1AP1
DNA-RNA cross-attention,3,C3,165,ZBTB41
DNA-RNA cross-attention,3,C3,165,ZFP36L2
DNA-RNA cross-attention,3,C3,165,ZNF281
DNA-RNA cross-attention,3,C3,165,ZNF326
DNA-RNA cross-attention,3,C3,165,ZNF638
DNA-RNA cross-attention,3,C3,165,ZNF644
DNA-RNA cross-attention,24,,3,OTX1
DNA-RNA cross-attention,24,,3,STUM
DNA-RNA cross-attention,24,,3,ZNF512
DNA-RNA cross-attention,18,,2,ID3
DNA-RNA cross-attention,18,,2,IRF2BP2
